-- phpMyAdmin SQL Dump
-- version 4.8.3
-- https://www.phpmyadmin.net/
--
-- Host: localhost
-- Generation Time: Dec 04, 2018 at 07:49 PM
-- Server version: 10.2.11-MariaDB
-- PHP Version: 5.6.38

SET SQL_MODE = "NO_AUTO_VALUE_ON_ZERO";
SET AUTOCOMMIT = 0;
START TRANSACTION;
SET time_zone = "+00:00";


/*!40101 SET @OLD_CHARACTER_SET_CLIENT=@@CHARACTER_SET_CLIENT */;
/*!40101 SET @OLD_CHARACTER_SET_RESULTS=@@CHARACTER_SET_RESULTS */;
/*!40101 SET @OLD_COLLATION_CONNECTION=@@COLLATION_CONNECTION */;
/*!40101 SET NAMES utf8mb4 */;

--
-- Database: `muppetopia`
--

-- --------------------------------------------------------

--
-- Table structure for table `ChangeSet`
--

CREATE TABLE `ChangeSet` (
  `ID` int(11) NOT NULL,
  `ClassName` enum('SilverStripe\\Versioned\\ChangeSet') DEFAULT 'SilverStripe\\Versioned\\ChangeSet',
  `LastEdited` datetime DEFAULT NULL,
  `Created` datetime DEFAULT NULL,
  `Name` varchar(255) DEFAULT NULL,
  `State` enum('open','published','reverted') DEFAULT 'open',
  `IsInferred` tinyint(1) UNSIGNED NOT NULL DEFAULT 0,
  `Description` mediumtext DEFAULT NULL,
  `PublishDate` datetime DEFAULT NULL,
  `LastSynced` datetime DEFAULT NULL,
  `OwnerID` int(11) NOT NULL DEFAULT 0,
  `PublisherID` int(11) NOT NULL DEFAULT 0
) ENGINE=InnoDB DEFAULT CHARSET=utf8;

--
-- Dumping data for table `ChangeSet`
--

INSERT INTO `ChangeSet` (`ID`, `ClassName`, `LastEdited`, `Created`, `Name`, `State`, `IsInferred`, `Description`, `PublishDate`, `LastSynced`, `OwnerID`, `PublisherID`) VALUES
(1, 'SilverStripe\\Versioned\\ChangeSet', '2018-12-02 18:14:07', '2018-12-02 18:14:07', 'Generated by publish of \'Meet The Muppets\' at Dec 2, 2018, 6:14:07 PM', 'published', 1, NULL, '2018-12-02 18:14:07', '2018-12-02 18:14:07', 0, 1),
(2, 'SilverStripe\\Versioned\\ChangeSet', '2018-12-02 18:15:00', '2018-12-02 18:15:00', 'Generated by publish of \'Meet The Muppets\' at Dec 2, 2018, 6:15:00 PM', 'published', 1, NULL, '2018-12-02 18:15:00', '2018-12-02 18:15:00', 0, 1),
(3, 'SilverStripe\\Versioned\\ChangeSet', '2018-12-02 19:07:44', '2018-12-02 19:07:44', 'Generated by publish of \'Muppetopia\' at Dec 2, 2018, 7:07:44 PM', 'published', 1, NULL, '2018-12-02 19:07:44', '2018-12-02 19:07:44', 0, 1),
(4, 'SilverStripe\\Versioned\\ChangeSet', '2018-12-02 20:56:50', '2018-12-02 20:56:50', 'Generated by publish of \'Meet The Muppets\' at Dec 2, 2018, 8:56:50 PM', 'published', 1, NULL, '2018-12-02 20:56:50', '2018-12-02 20:56:50', 0, 1),
(5, 'SilverStripe\\Versioned\\ChangeSet', '2018-12-02 21:19:12', '2018-12-02 21:19:12', 'Generated by publish of \'Kermit The Frog\' at Dec 2, 2018, 9:19:12 PM', 'published', 1, NULL, '2018-12-02 21:19:12', '2018-12-02 21:19:12', 0, 1),
(6, 'SilverStripe\\Versioned\\ChangeSet', '2018-12-02 21:19:34', '2018-12-02 21:19:34', 'Generated by publish of \'Kermit The Frog\' at Dec 2, 2018, 9:19:34 PM', 'published', 1, NULL, '2018-12-02 21:19:34', '2018-12-02 21:19:34', 0, 1),
(7, 'SilverStripe\\Versioned\\ChangeSet', '2018-12-02 21:20:26', '2018-12-02 21:20:26', 'Generated by publish of \'Meet The Muppets\' at Dec 2, 2018, 9:20:26 PM', 'published', 1, NULL, '2018-12-02 21:20:26', '2018-12-02 21:20:26', 0, 1),
(8, 'SilverStripe\\Versioned\\ChangeSet', '2018-12-02 21:27:04', '2018-12-02 21:27:04', 'Generated by publish of \'Kermit The Frog\' at Dec 2, 2018, 9:27:04 PM', 'published', 1, NULL, '2018-12-02 21:27:04', '2018-12-02 21:27:04', 0, 1),
(9, 'SilverStripe\\Versioned\\ChangeSet', '2018-12-02 21:27:14', '2018-12-02 21:27:14', 'Generated by publish of \'Meet The Muppets\' at Dec 2, 2018, 9:27:14 PM', 'published', 1, NULL, '2018-12-02 21:27:14', '2018-12-02 21:27:14', 0, 1),
(10, 'SilverStripe\\Versioned\\ChangeSet', '2018-12-02 21:36:27', '2018-12-02 21:36:27', 'Generated by publish of \'Kermit The Frog\' at Dec 2, 2018, 9:36:27 PM', 'published', 1, NULL, '2018-12-02 21:36:27', '2018-12-02 21:36:27', 0, 1),
(11, 'SilverStripe\\Versioned\\ChangeSet', '2018-12-03 12:55:08', '2018-12-03 12:55:08', 'Generated by publish of \'Kermit The Frog\' at Dec 3, 2018, 12:55:08 PM', 'published', 1, NULL, '2018-12-03 12:55:08', '2018-12-03 12:55:08', 0, 1),
(12, 'SilverStripe\\Versioned\\ChangeSet', '2018-12-03 14:41:24', '2018-12-03 14:41:24', 'Generated by publish of \'Kermit The Frog\' at Dec 3, 2018, 2:41:24 PM', 'published', 1, NULL, '2018-12-03 14:41:24', '2018-12-03 14:41:24', 0, 1),
(13, 'SilverStripe\\Versioned\\ChangeSet', '2018-12-03 14:57:01', '2018-12-03 14:57:01', 'Generated by publish of \'Kermit The Frog\' at Dec 3, 2018, 2:57:01 PM', 'published', 1, NULL, '2018-12-03 14:57:01', '2018-12-03 14:57:01', 0, 1),
(14, 'SilverStripe\\Versioned\\ChangeSet', '2018-12-03 19:12:54', '2018-12-03 19:12:54', 'Generated by publish of \'Kermit The Frog\' at Dec 3, 2018, 7:12:54 PM', 'published', 1, NULL, '2018-12-03 19:12:54', '2018-12-03 19:12:54', 0, 1),
(15, 'SilverStripe\\Versioned\\ChangeSet', '2018-12-03 19:23:29', '2018-12-03 19:23:29', 'Generated by publish of \'Miss Piggy\' at Dec 3, 2018, 7:23:29 PM', 'published', 1, NULL, '2018-12-03 19:23:29', '2018-12-03 19:23:29', 0, 1),
(16, 'SilverStripe\\Versioned\\ChangeSet', '2018-12-03 19:43:27', '2018-12-03 19:43:27', 'Generated by publish of \'Bert\' at Dec 3, 2018, 7:43:27 PM', 'published', 1, NULL, '2018-12-03 19:43:27', '2018-12-03 19:43:27', 0, 1),
(17, 'SilverStripe\\Versioned\\ChangeSet', '2018-12-03 19:44:50', '2018-12-03 19:44:50', 'Generated by publish of \'Ernie\' at Dec 3, 2018, 7:44:50 PM', 'published', 1, NULL, '2018-12-03 19:44:50', '2018-12-03 19:44:50', 0, 1),
(18, 'SilverStripe\\Versioned\\ChangeSet', '2018-12-03 19:45:03', '2018-12-03 19:45:03', 'Generated by publish of \'Bert\' at Dec 3, 2018, 7:45:03 PM', 'published', 1, NULL, '2018-12-03 19:45:03', '2018-12-03 19:45:03', 0, 1),
(19, 'SilverStripe\\Versioned\\ChangeSet', '2018-12-03 19:48:48', '2018-12-03 19:48:47', 'Generated by publish of \'Ernie\' at Dec 3, 2018, 7:48:47 PM', 'published', 1, NULL, '2018-12-03 19:48:48', '2018-12-03 19:48:47', 0, 1),
(20, 'SilverStripe\\Versioned\\ChangeSet', '2018-12-03 19:52:07', '2018-12-03 19:52:07', 'Generated by publish of \'Big Bird\' at Dec 3, 2018, 7:52:07 PM', 'published', 1, NULL, '2018-12-03 19:52:07', '2018-12-03 19:52:07', 0, 1),
(21, 'SilverStripe\\Versioned\\ChangeSet', '2018-12-03 19:58:50', '2018-12-03 19:58:50', 'Generated by publish of \'Beaker\' at Dec 3, 2018, 7:58:50 PM', 'published', 1, NULL, '2018-12-03 19:58:50', '2018-12-03 19:58:50', 0, 1),
(22, 'SilverStripe\\Versioned\\ChangeSet', '2018-12-03 20:00:29', '2018-12-03 20:00:29', 'Generated by publish of \'Dr. Bunsen Honeydew\' at Dec 3, 2018, 8:00:29 PM', 'published', 1, NULL, '2018-12-03 20:00:29', '2018-12-03 20:00:29', 0, 1),
(23, 'SilverStripe\\Versioned\\ChangeSet', '2018-12-03 20:00:40', '2018-12-03 20:00:40', 'Generated by publish of \'Kermit The Frog\' at Dec 3, 2018, 8:00:40 PM', 'published', 1, NULL, '2018-12-03 20:00:40', '2018-12-03 20:00:40', 0, 1),
(24, 'SilverStripe\\Versioned\\ChangeSet', '2018-12-03 20:02:38', '2018-12-03 20:02:38', 'Generated by publish of \'Dr. Bunsen Honeydew\' at Dec 3, 2018, 8:02:38 PM', 'published', 1, NULL, '2018-12-03 20:02:38', '2018-12-03 20:02:38', 0, 1),
(25, 'SilverStripe\\Versioned\\ChangeSet', '2018-12-03 20:03:12', '2018-12-03 20:03:12', 'Generated by publish of \'Dr. Bunsen Honeydew\' at Dec 3, 2018, 8:03:12 PM', 'published', 1, NULL, '2018-12-03 20:03:12', '2018-12-03 20:03:12', 0, 1),
(26, 'SilverStripe\\Versioned\\ChangeSet', '2018-12-03 20:07:54', '2018-12-03 20:07:53', 'Generated by publish of \'Mahna Mahna\' at Dec 3, 2018, 8:07:53 PM', 'published', 1, NULL, '2018-12-03 20:07:54', '2018-12-03 20:07:54', 0, 1),
(27, 'SilverStripe\\Versioned\\ChangeSet', '2018-12-03 20:10:14', '2018-12-03 20:10:13', 'Generated by publish of \'Sam the Eagle\' at Dec 3, 2018, 8:10:13 PM', 'published', 1, NULL, '2018-12-03 20:10:14', '2018-12-03 20:10:13', 0, 1),
(28, 'SilverStripe\\Versioned\\ChangeSet', '2018-12-03 20:12:19', '2018-12-03 20:12:19', 'Generated by publish of \'Grover\' at Dec 3, 2018, 8:12:19 PM', 'published', 1, NULL, '2018-12-03 20:12:19', '2018-12-03 20:12:19', 0, 1),
(29, 'SilverStripe\\Versioned\\ChangeSet', '2018-12-03 20:15:13', '2018-12-03 20:15:13', 'Generated by publish of \'Elmo\' at Dec 3, 2018, 8:15:13 PM', 'published', 1, NULL, '2018-12-03 20:15:13', '2018-12-03 20:15:13', 0, 1),
(30, 'SilverStripe\\Versioned\\ChangeSet', '2018-12-03 20:46:36', '2018-12-03 20:46:36', 'Generated by publish of \'Cookie Monster\' at Dec 3, 2018, 8:46:36 PM', 'published', 1, NULL, '2018-12-03 20:46:36', '2018-12-03 20:46:36', 0, 1),
(31, 'SilverStripe\\Versioned\\ChangeSet', '2018-12-03 20:49:27', '2018-12-03 20:49:27', 'Generated by publish of \'Cookie Monster\' at Dec 3, 2018, 8:49:27 PM', 'published', 1, NULL, '2018-12-03 20:49:27', '2018-12-03 20:49:27', 0, 1),
(32, 'SilverStripe\\Versioned\\ChangeSet', '2018-12-03 22:06:33', '2018-12-03 22:06:33', 'Generated by publish of \'Home\' at Dec 3, 2018, 10:06:33 PM', 'published', 1, NULL, '2018-12-03 22:06:33', '2018-12-03 22:06:33', 0, 1),
(33, 'SilverStripe\\Versioned\\ChangeSet', '2018-12-03 22:10:53', '2018-12-03 22:10:53', 'Generated by publish of \'Home\' at Dec 3, 2018, 10:10:53 PM', 'published', 1, NULL, '2018-12-03 22:10:53', '2018-12-03 22:10:53', 0, 1),
(34, 'SilverStripe\\Versioned\\ChangeSet', '2018-12-04 16:20:02', '2018-12-04 16:20:02', 'Generated by publish of \'Beaker\' at Dec 4, 2018, 4:20:02 PM', 'published', 1, NULL, '2018-12-04 16:20:02', '2018-12-04 16:20:02', 0, 1),
(35, 'SilverStripe\\Versioned\\ChangeSet', '2018-12-04 16:20:19', '2018-12-04 16:20:19', 'Generated by publish of \'Big Bird\' at Dec 4, 2018, 4:20:19 PM', 'published', 1, NULL, '2018-12-04 16:20:19', '2018-12-04 16:20:19', 0, 1),
(36, 'SilverStripe\\Versioned\\ChangeSet', '2018-12-04 16:24:18', '2018-12-04 16:24:18', 'Generated by publish of \'Home\' at Dec 4, 2018, 4:24:18 PM', 'published', 1, NULL, '2018-12-04 16:24:18', '2018-12-04 16:24:18', 0, 1),
(37, 'SilverStripe\\Versioned\\ChangeSet', '2018-12-04 16:25:19', '2018-12-04 16:25:19', 'Generated by publish of \'Home\' at Dec 4, 2018, 4:25:19 PM', 'published', 1, NULL, '2018-12-04 16:25:19', '2018-12-04 16:25:19', 0, 1),
(38, 'SilverStripe\\Versioned\\ChangeSet', '2018-12-04 16:27:16', '2018-12-04 16:27:16', 'Generated by publish of \'Home\' at Dec 4, 2018, 4:27:16 PM', 'published', 1, NULL, '2018-12-04 16:27:16', '2018-12-04 16:27:16', 0, 1),
(39, 'SilverStripe\\Versioned\\ChangeSet', '2018-12-04 16:58:20', '2018-12-04 16:58:20', 'Generated by publish of \'Contact Us\' at Dec 4, 2018, 4:58:20 PM', 'published', 1, NULL, '2018-12-04 16:58:20', '2018-12-04 16:58:20', 0, 1),
(40, 'SilverStripe\\Versioned\\ChangeSet', '2018-12-04 16:58:30', '2018-12-04 16:58:30', 'Generated by publish of \'Contact Us\' at Dec 4, 2018, 4:58:30 PM', 'published', 1, NULL, '2018-12-04 16:58:30', '2018-12-04 16:58:30', 0, 1),
(41, 'SilverStripe\\Versioned\\ChangeSet', '2018-12-04 17:15:19', '2018-12-04 17:15:19', 'Generated by publish of \'Server error\' at Dec 4, 2018, 5:15:19 PM', 'published', 1, NULL, '2018-12-04 17:15:19', '2018-12-04 17:15:19', 0, 1),
(42, 'SilverStripe\\Versioned\\ChangeSet', '2018-12-04 17:16:06', '2018-12-04 17:16:06', 'Generated by publish of \'Server error\' at Dec 4, 2018, 5:16:06 PM', 'published', 1, NULL, '2018-12-04 17:16:06', '2018-12-04 17:16:06', 0, 1),
(43, 'SilverStripe\\Versioned\\ChangeSet', '2018-12-04 17:16:38', '2018-12-04 17:16:38', 'Generated by publish of \'Server error\' at Dec 4, 2018, 5:16:38 PM', 'published', 1, NULL, '2018-12-04 17:16:38', '2018-12-04 17:16:38', 0, 1),
(44, 'SilverStripe\\Versioned\\ChangeSet', '2018-12-04 17:18:29', '2018-12-04 17:16:51', 'Generated by publish of \'Server error\' at Dec 4, 2018, 5:16:51 PM', 'open', 1, NULL, NULL, '2018-12-04 17:18:29', 0, 0),
(45, 'SilverStripe\\Versioned\\ChangeSet', '2018-12-04 17:18:29', '2018-12-04 17:17:05', 'Generated by publish of \'Server error\' at Dec 4, 2018, 5:17:05 PM', 'open', 1, NULL, NULL, '2018-12-04 17:18:29', 0, 0),
(46, 'SilverStripe\\Versioned\\ChangeSet', '2018-12-04 17:18:29', '2018-12-04 17:17:45', 'Generated by publish of \'Server error\' at Dec 4, 2018, 5:17:45 PM', 'open', 1, NULL, NULL, '2018-12-04 17:18:29', 0, 0),
(47, 'SilverStripe\\Versioned\\ChangeSet', '2018-12-04 17:18:29', '2018-12-04 17:18:02', 'Generated by publish of \'Server error\' at Dec 4, 2018, 5:18:02 PM', 'open', 1, NULL, NULL, '2018-12-04 17:18:29', 0, 0),
(48, 'SilverStripe\\Versioned\\ChangeSet', '2018-12-04 17:18:15', '2018-12-04 17:18:15', 'Generated by publish of \'Server error\' at Dec 4, 2018, 5:18:15 PM', 'published', 1, NULL, '2018-12-04 17:18:15', '2018-12-04 17:18:15', 0, 1),
(49, 'SilverStripe\\Versioned\\ChangeSet', '2018-12-04 17:49:10', '2018-12-04 17:49:10', 'Generated by publish of \'Thank You!\' at Dec 4, 2018, 5:49:10 PM', 'published', 1, NULL, '2018-12-04 17:49:10', '2018-12-04 17:49:10', 0, 1);

-- --------------------------------------------------------

--
-- Table structure for table `ChangeSetItem`
--

CREATE TABLE `ChangeSetItem` (
  `ID` int(11) NOT NULL,
  `ClassName` enum('SilverStripe\\Versioned\\ChangeSetItem') DEFAULT 'SilverStripe\\Versioned\\ChangeSetItem',
  `LastEdited` datetime DEFAULT NULL,
  `Created` datetime DEFAULT NULL,
  `VersionBefore` int(11) NOT NULL DEFAULT 0,
  `VersionAfter` int(11) NOT NULL DEFAULT 0,
  `Added` enum('explicitly','implicitly') DEFAULT 'implicitly',
  `ChangeSetID` int(11) NOT NULL DEFAULT 0,
  `ObjectID` int(11) NOT NULL DEFAULT 0,
  `ObjectClass` enum('SilverStripe\\Assets\\File','SilverStripe\\SiteConfig\\SiteConfig','SilverStripe\\Versioned\\ChangeSet','SilverStripe\\Versioned\\ChangeSetItem','SilverStripe\\Assets\\Shortcodes\\FileLink','SilverStripe\\CMS\\Model\\SiteTree','SilverStripe\\CMS\\Model\\SiteTreeLink','SilverStripe\\Security\\Group','SilverStripe\\Security\\LoginAttempt','SilverStripe\\Security\\Member','SilverStripe\\Security\\MemberPassword','SilverStripe\\Security\\Permission','SilverStripe\\Security\\PermissionRole','SilverStripe\\Security\\PermissionRoleCode','SilverStripe\\Security\\RememberLoginHash','SilverStripe\\Assets\\Folder','SilverStripe\\Assets\\Image','Page','ContactPage','HomePage','SilverStripe\\Muppetopia\\MuppetHolder','SilverStripe\\Muppetopia\\MuppetPage','SilverStripe\\ErrorPage\\ErrorPage','SilverStripe\\CMS\\Model\\RedirectorPage','SilverStripe\\CMS\\Model\\VirtualPage') DEFAULT 'SilverStripe\\Assets\\File'
) ENGINE=InnoDB DEFAULT CHARSET=utf8;

--
-- Dumping data for table `ChangeSetItem`
--

INSERT INTO `ChangeSetItem` (`ID`, `ClassName`, `LastEdited`, `Created`, `VersionBefore`, `VersionAfter`, `Added`, `ChangeSetID`, `ObjectID`, `ObjectClass`) VALUES
(1, 'SilverStripe\\Versioned\\ChangeSetItem', '2018-12-02 18:14:07', '2018-12-02 18:14:07', 0, 3, 'explicitly', 1, 6, 'SilverStripe\\CMS\\Model\\SiteTree'),
(2, 'SilverStripe\\Versioned\\ChangeSetItem', '2018-12-02 18:15:00', '2018-12-02 18:15:00', 3, 5, 'explicitly', 2, 6, 'SilverStripe\\CMS\\Model\\SiteTree'),
(3, 'SilverStripe\\Versioned\\ChangeSetItem', '2018-12-02 19:07:44', '2018-12-02 19:07:44', 0, 0, 'explicitly', 3, 1, 'SilverStripe\\SiteConfig\\SiteConfig'),
(4, 'SilverStripe\\Versioned\\ChangeSetItem', '2018-12-02 20:56:50', '2018-12-02 20:56:50', 5, 7, 'explicitly', 4, 6, 'SilverStripe\\CMS\\Model\\SiteTree'),
(5, 'SilverStripe\\Versioned\\ChangeSetItem', '2018-12-02 21:19:12', '2018-12-02 21:19:12', 0, 3, 'explicitly', 5, 8, 'SilverStripe\\CMS\\Model\\SiteTree'),
(6, 'SilverStripe\\Versioned\\ChangeSetItem', '2018-12-02 21:19:34', '2018-12-02 21:19:34', 3, 5, 'explicitly', 6, 8, 'SilverStripe\\CMS\\Model\\SiteTree'),
(7, 'SilverStripe\\Versioned\\ChangeSetItem', '2018-12-02 21:20:26', '2018-12-02 21:20:26', 7, 9, 'explicitly', 7, 6, 'SilverStripe\\CMS\\Model\\SiteTree'),
(8, 'SilverStripe\\Versioned\\ChangeSetItem', '2018-12-02 21:27:04', '2018-12-02 21:27:04', 5, 7, 'explicitly', 8, 8, 'SilverStripe\\CMS\\Model\\SiteTree'),
(9, 'SilverStripe\\Versioned\\ChangeSetItem', '2018-12-02 21:27:14', '2018-12-02 21:27:14', 9, 11, 'explicitly', 9, 6, 'SilverStripe\\CMS\\Model\\SiteTree'),
(10, 'SilverStripe\\Versioned\\ChangeSetItem', '2018-12-02 21:36:27', '2018-12-02 21:36:27', 7, 9, 'explicitly', 10, 8, 'SilverStripe\\CMS\\Model\\SiteTree'),
(11, 'SilverStripe\\Versioned\\ChangeSetItem', '2018-12-03 12:55:08', '2018-12-03 12:55:08', 9, 9, 'explicitly', 11, 8, 'SilverStripe\\CMS\\Model\\SiteTree'),
(12, 'SilverStripe\\Versioned\\ChangeSetItem', '2018-12-03 12:55:08', '2018-12-03 12:55:08', 0, 2, 'implicitly', 11, 2, 'SilverStripe\\Assets\\File'),
(13, 'SilverStripe\\Versioned\\ChangeSetItem', '2018-12-03 14:41:24', '2018-12-03 14:41:24', 9, 11, 'explicitly', 12, 8, 'SilverStripe\\CMS\\Model\\SiteTree'),
(14, 'SilverStripe\\Versioned\\ChangeSetItem', '2018-12-03 14:41:24', '2018-12-03 14:41:24', 2, 2, 'implicitly', 12, 2, 'SilverStripe\\Assets\\File'),
(15, 'SilverStripe\\Versioned\\ChangeSetItem', '2018-12-03 14:57:01', '2018-12-03 14:57:01', 11, 13, 'explicitly', 13, 8, 'SilverStripe\\CMS\\Model\\SiteTree'),
(16, 'SilverStripe\\Versioned\\ChangeSetItem', '2018-12-03 14:57:01', '2018-12-03 14:57:01', 2, 2, 'implicitly', 13, 2, 'SilverStripe\\Assets\\File'),
(17, 'SilverStripe\\Versioned\\ChangeSetItem', '2018-12-03 19:12:54', '2018-12-03 19:12:54', 13, 15, 'explicitly', 14, 8, 'SilverStripe\\CMS\\Model\\SiteTree'),
(18, 'SilverStripe\\Versioned\\ChangeSetItem', '2018-12-03 19:12:54', '2018-12-03 19:12:54', 0, 2, 'implicitly', 14, 3, 'SilverStripe\\Assets\\File'),
(19, 'SilverStripe\\Versioned\\ChangeSetItem', '2018-12-03 19:23:29', '2018-12-03 19:23:29', 0, 3, 'explicitly', 15, 9, 'SilverStripe\\CMS\\Model\\SiteTree'),
(20, 'SilverStripe\\Versioned\\ChangeSetItem', '2018-12-03 19:23:29', '2018-12-03 19:23:29', 0, 2, 'implicitly', 15, 4, 'SilverStripe\\Assets\\File'),
(21, 'SilverStripe\\Versioned\\ChangeSetItem', '2018-12-03 19:43:27', '2018-12-03 19:43:27', 0, 3, 'explicitly', 16, 10, 'SilverStripe\\CMS\\Model\\SiteTree'),
(22, 'SilverStripe\\Versioned\\ChangeSetItem', '2018-12-03 19:43:27', '2018-12-03 19:43:27', 0, 2, 'implicitly', 16, 5, 'SilverStripe\\Assets\\File'),
(23, 'SilverStripe\\Versioned\\ChangeSetItem', '2018-12-03 19:44:50', '2018-12-03 19:44:50', 0, 3, 'explicitly', 17, 11, 'SilverStripe\\CMS\\Model\\SiteTree'),
(24, 'SilverStripe\\Versioned\\ChangeSetItem', '2018-12-03 19:44:50', '2018-12-03 19:44:50', 0, 2, 'implicitly', 17, 6, 'SilverStripe\\Assets\\File'),
(25, 'SilverStripe\\Versioned\\ChangeSetItem', '2018-12-03 19:45:03', '2018-12-03 19:45:03', 3, 5, 'explicitly', 18, 10, 'SilverStripe\\CMS\\Model\\SiteTree'),
(26, 'SilverStripe\\Versioned\\ChangeSetItem', '2018-12-03 19:45:03', '2018-12-03 19:45:03', 2, 2, 'implicitly', 18, 5, 'SilverStripe\\Assets\\File'),
(27, 'SilverStripe\\Versioned\\ChangeSetItem', '2018-12-03 19:48:48', '2018-12-03 19:48:47', 3, 5, 'explicitly', 19, 11, 'SilverStripe\\CMS\\Model\\SiteTree'),
(28, 'SilverStripe\\Versioned\\ChangeSetItem', '2018-12-03 19:48:48', '2018-12-03 19:48:47', 0, 2, 'implicitly', 19, 7, 'SilverStripe\\Assets\\File'),
(29, 'SilverStripe\\Versioned\\ChangeSetItem', '2018-12-03 19:52:07', '2018-12-03 19:52:07', 0, 3, 'explicitly', 20, 12, 'SilverStripe\\CMS\\Model\\SiteTree'),
(30, 'SilverStripe\\Versioned\\ChangeSetItem', '2018-12-03 19:52:07', '2018-12-03 19:52:07', 0, 2, 'implicitly', 20, 8, 'SilverStripe\\Assets\\File'),
(31, 'SilverStripe\\Versioned\\ChangeSetItem', '2018-12-03 19:58:50', '2018-12-03 19:58:50', 0, 3, 'explicitly', 21, 13, 'SilverStripe\\CMS\\Model\\SiteTree'),
(32, 'SilverStripe\\Versioned\\ChangeSetItem', '2018-12-03 19:58:50', '2018-12-03 19:58:50', 0, 2, 'implicitly', 21, 9, 'SilverStripe\\Assets\\File'),
(33, 'SilverStripe\\Versioned\\ChangeSetItem', '2018-12-03 20:00:29', '2018-12-03 20:00:29', 0, 3, 'explicitly', 22, 14, 'SilverStripe\\CMS\\Model\\SiteTree'),
(34, 'SilverStripe\\Versioned\\ChangeSetItem', '2018-12-03 20:00:29', '2018-12-03 20:00:29', 0, 2, 'implicitly', 22, 10, 'SilverStripe\\Assets\\File'),
(35, 'SilverStripe\\Versioned\\ChangeSetItem', '2018-12-03 20:00:40', '2018-12-03 20:00:40', 15, 17, 'explicitly', 23, 8, 'SilverStripe\\CMS\\Model\\SiteTree'),
(36, 'SilverStripe\\Versioned\\ChangeSetItem', '2018-12-03 20:00:40', '2018-12-03 20:00:40', 2, 2, 'implicitly', 23, 3, 'SilverStripe\\Assets\\File'),
(37, 'SilverStripe\\Versioned\\ChangeSetItem', '2018-12-03 20:02:38', '2018-12-03 20:02:38', 3, 5, 'explicitly', 24, 14, 'SilverStripe\\CMS\\Model\\SiteTree'),
(38, 'SilverStripe\\Versioned\\ChangeSetItem', '2018-12-03 20:02:38', '2018-12-03 20:02:38', 0, 2, 'implicitly', 24, 11, 'SilverStripe\\Assets\\File'),
(39, 'SilverStripe\\Versioned\\ChangeSetItem', '2018-12-03 20:03:12', '2018-12-03 20:03:12', 5, 7, 'explicitly', 25, 14, 'SilverStripe\\CMS\\Model\\SiteTree'),
(40, 'SilverStripe\\Versioned\\ChangeSetItem', '2018-12-03 20:03:12', '2018-12-03 20:03:12', 2, 2, 'implicitly', 25, 11, 'SilverStripe\\Assets\\File'),
(41, 'SilverStripe\\Versioned\\ChangeSetItem', '2018-12-03 20:07:54', '2018-12-03 20:07:53', 0, 3, 'explicitly', 26, 15, 'SilverStripe\\CMS\\Model\\SiteTree'),
(42, 'SilverStripe\\Versioned\\ChangeSetItem', '2018-12-03 20:07:54', '2018-12-03 20:07:53', 0, 2, 'implicitly', 26, 12, 'SilverStripe\\Assets\\File'),
(43, 'SilverStripe\\Versioned\\ChangeSetItem', '2018-12-03 20:10:14', '2018-12-03 20:10:13', 0, 3, 'explicitly', 27, 16, 'SilverStripe\\CMS\\Model\\SiteTree'),
(44, 'SilverStripe\\Versioned\\ChangeSetItem', '2018-12-03 20:10:14', '2018-12-03 20:10:13', 0, 2, 'implicitly', 27, 13, 'SilverStripe\\Assets\\File'),
(45, 'SilverStripe\\Versioned\\ChangeSetItem', '2018-12-03 20:12:19', '2018-12-03 20:12:19', 0, 3, 'explicitly', 28, 17, 'SilverStripe\\CMS\\Model\\SiteTree'),
(46, 'SilverStripe\\Versioned\\ChangeSetItem', '2018-12-03 20:12:19', '2018-12-03 20:12:19', 0, 2, 'implicitly', 28, 14, 'SilverStripe\\Assets\\File'),
(47, 'SilverStripe\\Versioned\\ChangeSetItem', '2018-12-03 20:15:13', '2018-12-03 20:15:13', 0, 3, 'explicitly', 29, 18, 'SilverStripe\\CMS\\Model\\SiteTree'),
(48, 'SilverStripe\\Versioned\\ChangeSetItem', '2018-12-03 20:15:13', '2018-12-03 20:15:13', 0, 2, 'implicitly', 29, 15, 'SilverStripe\\Assets\\File'),
(49, 'SilverStripe\\Versioned\\ChangeSetItem', '2018-12-03 20:46:36', '2018-12-03 20:46:36', 0, 3, 'explicitly', 30, 19, 'SilverStripe\\CMS\\Model\\SiteTree'),
(50, 'SilverStripe\\Versioned\\ChangeSetItem', '2018-12-03 20:49:27', '2018-12-03 20:49:27', 3, 5, 'explicitly', 31, 19, 'SilverStripe\\CMS\\Model\\SiteTree'),
(51, 'SilverStripe\\Versioned\\ChangeSetItem', '2018-12-03 20:49:27', '2018-12-03 20:49:27', 0, 2, 'implicitly', 31, 16, 'SilverStripe\\Assets\\File'),
(52, 'SilverStripe\\Versioned\\ChangeSetItem', '2018-12-03 22:06:33', '2018-12-03 22:06:33', 2, 4, 'explicitly', 32, 1, 'SilverStripe\\CMS\\Model\\SiteTree'),
(53, 'SilverStripe\\Versioned\\ChangeSetItem', '2018-12-03 22:10:53', '2018-12-03 22:10:53', 4, 6, 'explicitly', 33, 1, 'SilverStripe\\CMS\\Model\\SiteTree'),
(54, 'SilverStripe\\Versioned\\ChangeSetItem', '2018-12-04 16:20:02', '2018-12-04 16:20:02', 3, 5, 'explicitly', 34, 13, 'SilverStripe\\CMS\\Model\\SiteTree'),
(55, 'SilverStripe\\Versioned\\ChangeSetItem', '2018-12-04 16:20:02', '2018-12-04 16:20:02', 2, 2, 'implicitly', 34, 9, 'SilverStripe\\Assets\\File'),
(56, 'SilverStripe\\Versioned\\ChangeSetItem', '2018-12-04 16:20:19', '2018-12-04 16:20:19', 3, 5, 'explicitly', 35, 12, 'SilverStripe\\CMS\\Model\\SiteTree'),
(57, 'SilverStripe\\Versioned\\ChangeSetItem', '2018-12-04 16:20:19', '2018-12-04 16:20:19', 2, 2, 'implicitly', 35, 8, 'SilverStripe\\Assets\\File'),
(58, 'SilverStripe\\Versioned\\ChangeSetItem', '2018-12-04 16:24:18', '2018-12-04 16:24:18', 6, 8, 'explicitly', 36, 1, 'SilverStripe\\CMS\\Model\\SiteTree'),
(59, 'SilverStripe\\Versioned\\ChangeSetItem', '2018-12-04 16:25:19', '2018-12-04 16:25:19', 8, 10, 'explicitly', 37, 1, 'SilverStripe\\CMS\\Model\\SiteTree'),
(60, 'SilverStripe\\Versioned\\ChangeSetItem', '2018-12-04 16:27:16', '2018-12-04 16:27:16', 10, 12, 'explicitly', 38, 1, 'SilverStripe\\CMS\\Model\\SiteTree'),
(61, 'SilverStripe\\Versioned\\ChangeSetItem', '2018-12-04 16:58:20', '2018-12-04 16:58:20', 2, 4, 'explicitly', 39, 3, 'SilverStripe\\CMS\\Model\\SiteTree'),
(62, 'SilverStripe\\Versioned\\ChangeSetItem', '2018-12-04 16:58:30', '2018-12-04 16:58:30', 4, 6, 'explicitly', 40, 3, 'SilverStripe\\CMS\\Model\\SiteTree'),
(70, 'SilverStripe\\Versioned\\ChangeSetItem', '2018-12-04 17:18:15', '2018-12-04 17:18:15', 2, 2, 'explicitly', 48, 20, 'SilverStripe\\CMS\\Model\\SiteTree'),
(71, 'SilverStripe\\Versioned\\ChangeSetItem', '2018-12-04 17:49:10', '2018-12-04 17:49:10', 0, 3, 'explicitly', 49, 21, 'SilverStripe\\CMS\\Model\\SiteTree');

-- --------------------------------------------------------

--
-- Table structure for table `ChangeSetItem_ReferencedBy`
--

CREATE TABLE `ChangeSetItem_ReferencedBy` (
  `ID` int(11) NOT NULL,
  `ChangeSetItemID` int(11) NOT NULL DEFAULT 0,
  `ChildID` int(11) NOT NULL DEFAULT 0
) ENGINE=InnoDB DEFAULT CHARSET=utf8;

--
-- Dumping data for table `ChangeSetItem_ReferencedBy`
--

INSERT INTO `ChangeSetItem_ReferencedBy` (`ID`, `ChangeSetItemID`, `ChildID`) VALUES
(1, 12, 11),
(2, 14, 13),
(3, 16, 15),
(4, 18, 17),
(5, 20, 19),
(6, 22, 21),
(7, 24, 23),
(8, 26, 25),
(9, 28, 27),
(10, 30, 29),
(11, 32, 31),
(12, 34, 33),
(13, 36, 35),
(14, 38, 37),
(15, 40, 39),
(16, 42, 41),
(17, 44, 43),
(18, 46, 45),
(19, 48, 47),
(20, 51, 50),
(21, 55, 54),
(22, 57, 56);

-- --------------------------------------------------------

--
-- Table structure for table `ErrorPage`
--

CREATE TABLE `ErrorPage` (
  `ID` int(11) NOT NULL,
  `ErrorCode` int(11) NOT NULL DEFAULT 0
) ENGINE=InnoDB DEFAULT CHARSET=utf8;

--
-- Dumping data for table `ErrorPage`
--

INSERT INTO `ErrorPage` (`ID`, `ErrorCode`) VALUES
(4, 404),
(20, 500);

-- --------------------------------------------------------

--
-- Table structure for table `ErrorPage_Live`
--

CREATE TABLE `ErrorPage_Live` (
  `ID` int(11) NOT NULL,
  `ErrorCode` int(11) NOT NULL DEFAULT 0
) ENGINE=InnoDB DEFAULT CHARSET=utf8;

--
-- Dumping data for table `ErrorPage_Live`
--

INSERT INTO `ErrorPage_Live` (`ID`, `ErrorCode`) VALUES
(4, 404),
(20, 500);

-- --------------------------------------------------------

--
-- Table structure for table `ErrorPage_Versions`
--

CREATE TABLE `ErrorPage_Versions` (
  `ID` int(11) NOT NULL,
  `RecordID` int(11) NOT NULL DEFAULT 0,
  `Version` int(11) NOT NULL DEFAULT 0,
  `ErrorCode` int(11) NOT NULL DEFAULT 0
) ENGINE=InnoDB DEFAULT CHARSET=utf8;

--
-- Dumping data for table `ErrorPage_Versions`
--

INSERT INTO `ErrorPage_Versions` (`ID`, `RecordID`, `Version`, `ErrorCode`) VALUES
(1, 4, 1, 404),
(2, 4, 2, 404),
(3, 5, 1, 500),
(4, 5, 2, 500),
(5, 5, 5, 0),
(9, 20, 1, 500),
(10, 20, 2, 500);

-- --------------------------------------------------------

--
-- Table structure for table `File`
--

CREATE TABLE `File` (
  `ID` int(11) NOT NULL,
  `ClassName` enum('SilverStripe\\Assets\\File','SilverStripe\\Assets\\Folder','SilverStripe\\Assets\\Image') DEFAULT 'SilverStripe\\Assets\\File',
  `LastEdited` datetime DEFAULT NULL,
  `Created` datetime DEFAULT NULL,
  `Version` int(11) NOT NULL DEFAULT 0,
  `CanViewType` enum('Anyone','LoggedInUsers','OnlyTheseUsers','Inherit') DEFAULT 'Inherit',
  `CanEditType` enum('LoggedInUsers','OnlyTheseUsers','Inherit') DEFAULT 'Inherit',
  `Name` varchar(255) DEFAULT NULL,
  `Title` varchar(255) DEFAULT NULL,
  `ShowInSearch` tinyint(1) UNSIGNED NOT NULL DEFAULT 1,
  `ParentID` int(11) NOT NULL DEFAULT 0,
  `OwnerID` int(11) NOT NULL DEFAULT 0,
  `FileHash` varchar(255) DEFAULT NULL,
  `FileFilename` varchar(255) DEFAULT NULL,
  `FileVariant` varchar(255) DEFAULT NULL
) ENGINE=InnoDB DEFAULT CHARSET=utf8;

--
-- Dumping data for table `File`
--

INSERT INTO `File` (`ID`, `ClassName`, `LastEdited`, `Created`, `Version`, `CanViewType`, `CanEditType`, `Name`, `Title`, `ShowInSearch`, `ParentID`, `OwnerID`, `FileHash`, `FileFilename`, `FileVariant`) VALUES
(1, 'SilverStripe\\Assets\\Folder', '2018-12-02 21:32:49', '2018-12-02 21:32:49', 2, 'Inherit', 'Inherit', 'Uploads', 'Uploads', 1, 0, 1, NULL, NULL, NULL),
(2, 'SilverStripe\\Assets\\Image', '2018-12-03 12:55:08', '2018-12-02 21:36:17', 2, 'Inherit', 'Inherit', 'kermit-the-frog.jpg', 'kermit the frog', 1, 1, 1, '46bcdcf4caebc367515d7ce4cddb33ce32d90677', 'Uploads/kermit-the-frog.jpg', NULL),
(3, 'SilverStripe\\Assets\\Image', '2018-12-03 19:12:54', '2018-12-03 19:12:51', 2, 'Inherit', 'Inherit', 'kermit-the-frog.png', 'kermit the frog', 1, 1, 1, '771b401337b280ff14565d9429d5de24861e3c57', 'Uploads/kermit-the-frog.png', NULL),
(4, 'SilverStripe\\Assets\\Image', '2018-12-03 19:23:29', '2018-12-03 19:23:27', 2, 'Inherit', 'Inherit', 'miss-piggy.png', 'miss piggy', 1, 1, 1, '2c350e81c234619cda6107fa77ef60697959b21a', 'Uploads/miss-piggy.png', NULL),
(5, 'SilverStripe\\Assets\\Image', '2018-12-03 19:43:27', '2018-12-03 19:43:25', 2, 'Inherit', 'Inherit', 'bert.png', 'bert', 1, 1, 1, 'af033219cca45fd961ab2d1c27e2f71828b5dfa1', 'Uploads/bert.png', NULL),
(6, 'SilverStripe\\Assets\\Image', '2018-12-03 19:44:50', '2018-12-03 19:44:48', 2, 'Inherit', 'Inherit', 'ernie.png', 'ernie', 1, 1, 1, '56debc7adf1a60432bd8f5bc570a852654d602a3', 'Uploads/ernie.png', NULL),
(7, 'SilverStripe\\Assets\\Image', '2018-12-03 19:48:48', '2018-12-03 19:48:46', 2, 'Inherit', 'Inherit', 'ernie-v2.png', 'ernie v2', 1, 1, 1, '26ae4b7fcde51ab57a9b3e4f7e180621723432ef', 'Uploads/ernie-v2.png', NULL),
(8, 'SilverStripe\\Assets\\Image', '2018-12-03 19:52:07', '2018-12-03 19:52:04', 2, 'Inherit', 'Inherit', 'big-bird.png', 'big bird', 1, 1, 1, 'd51bfe57f1b9ed1b30c54a697ef1bc57fbcc20e7', 'Uploads/big-bird.png', NULL),
(9, 'SilverStripe\\Assets\\Image', '2018-12-03 19:58:50', '2018-12-03 19:58:48', 2, 'Inherit', 'Inherit', 'beaker.png', 'beaker', 1, 1, 1, 'bdb12a577cedfbdfd1e2e8aa2cd6040c3f5f41c1', 'Uploads/beaker.png', NULL),
(10, 'SilverStripe\\Assets\\Image', '2018-12-03 20:00:29', '2018-12-03 20:00:27', 2, 'Inherit', 'Inherit', 'dr-bunsen-honeydew.png', 'dr bunsen honeydew', 1, 1, 1, '4696d7bf775921bb09869bc4502477bacc82c505', 'Uploads/dr-bunsen-honeydew.png', NULL),
(11, 'SilverStripe\\Assets\\Image', '2018-12-03 20:02:38', '2018-12-03 20:02:36', 2, 'Inherit', 'Inherit', 'dr-bunsen-honeydew-v2.png', 'dr bunsen honeydew v2', 1, 1, 1, 'a5b92acef0bf91e683eeafe3ca77b3ae7ab231b4', 'Uploads/dr-bunsen-honeydew-v2.png', NULL),
(12, 'SilverStripe\\Assets\\Image', '2018-12-03 20:07:54', '2018-12-03 20:07:52', 2, 'Inherit', 'Inherit', 'mahna-mahna.png', 'mahna mahna', 1, 1, 1, 'a49c4a05a38916c01dd42070bc19400abba41927', 'Uploads/mahna-mahna.png', NULL),
(13, 'SilverStripe\\Assets\\Image', '2018-12-03 20:10:14', '2018-12-03 20:10:12', 2, 'Inherit', 'Inherit', 'sam-the-eagle.png', 'sam the eagle', 1, 1, 1, 'a5554ec6f68af80f2ee32775e049df3915dbf7ef', 'Uploads/sam-the-eagle.png', NULL),
(14, 'SilverStripe\\Assets\\Image', '2018-12-03 20:12:19', '2018-12-03 20:12:18', 2, 'Inherit', 'Inherit', 'grover.png', 'grover', 1, 1, 1, 'b44ddfee2991c02d5655e4266439e8bf7369d543', 'Uploads/grover.png', NULL),
(15, 'SilverStripe\\Assets\\Image', '2018-12-03 20:15:13', '2018-12-03 20:15:11', 2, 'Inherit', 'Inherit', 'elmo.png', 'elmo', 1, 1, 1, '15e41f207081e9c5134a4c541dabf6dab9aaaf46', 'Uploads/elmo.png', NULL),
(16, 'SilverStripe\\Assets\\Image', '2018-12-03 20:49:27', '2018-12-03 20:49:25', 2, 'Inherit', 'Inherit', 'cookie-monster.png', 'cookie monster', 1, 1, 1, 'feae7d40c9d13e6794edeac4ee28548a92b240d7', 'Uploads/cookie-monster.png', NULL);

-- --------------------------------------------------------

--
-- Table structure for table `FileLink`
--

CREATE TABLE `FileLink` (
  `ID` int(11) NOT NULL,
  `ClassName` enum('SilverStripe\\Assets\\Shortcodes\\FileLink') DEFAULT 'SilverStripe\\Assets\\Shortcodes\\FileLink',
  `LastEdited` datetime DEFAULT NULL,
  `Created` datetime DEFAULT NULL,
  `LinkedID` int(11) NOT NULL DEFAULT 0,
  `ParentID` int(11) NOT NULL DEFAULT 0,
  `ParentClass` enum('SilverStripe\\Assets\\File','SilverStripe\\SiteConfig\\SiteConfig','SilverStripe\\Versioned\\ChangeSet','SilverStripe\\Versioned\\ChangeSetItem','SilverStripe\\Assets\\Shortcodes\\FileLink','SilverStripe\\CMS\\Model\\SiteTree','SilverStripe\\CMS\\Model\\SiteTreeLink','SilverStripe\\Security\\Group','SilverStripe\\Security\\LoginAttempt','SilverStripe\\Security\\Member','SilverStripe\\Security\\MemberPassword','SilverStripe\\Security\\Permission','SilverStripe\\Security\\PermissionRole','SilverStripe\\Security\\PermissionRoleCode','SilverStripe\\Security\\RememberLoginHash','SilverStripe\\Assets\\Folder','SilverStripe\\Assets\\Image','Page','ContactPage','HomePage','SilverStripe\\Muppetopia\\MuppetHolder','SilverStripe\\Muppetopia\\MuppetPage','SilverStripe\\ErrorPage\\ErrorPage','SilverStripe\\CMS\\Model\\RedirectorPage','SilverStripe\\CMS\\Model\\VirtualPage') DEFAULT 'SilverStripe\\Assets\\File'
) ENGINE=InnoDB DEFAULT CHARSET=utf8;

-- --------------------------------------------------------

--
-- Table structure for table `File_EditorGroups`
--

CREATE TABLE `File_EditorGroups` (
  `ID` int(11) NOT NULL,
  `FileID` int(11) NOT NULL DEFAULT 0,
  `GroupID` int(11) NOT NULL DEFAULT 0
) ENGINE=InnoDB DEFAULT CHARSET=utf8;

-- --------------------------------------------------------

--
-- Table structure for table `File_Live`
--

CREATE TABLE `File_Live` (
  `ID` int(11) NOT NULL,
  `ClassName` enum('SilverStripe\\Assets\\File','SilverStripe\\Assets\\Folder','SilverStripe\\Assets\\Image') DEFAULT 'SilverStripe\\Assets\\File',
  `LastEdited` datetime DEFAULT NULL,
  `Created` datetime DEFAULT NULL,
  `Version` int(11) NOT NULL DEFAULT 0,
  `CanViewType` enum('Anyone','LoggedInUsers','OnlyTheseUsers','Inherit') DEFAULT 'Inherit',
  `CanEditType` enum('LoggedInUsers','OnlyTheseUsers','Inherit') DEFAULT 'Inherit',
  `Name` varchar(255) DEFAULT NULL,
  `Title` varchar(255) DEFAULT NULL,
  `ShowInSearch` tinyint(1) UNSIGNED NOT NULL DEFAULT 1,
  `ParentID` int(11) NOT NULL DEFAULT 0,
  `OwnerID` int(11) NOT NULL DEFAULT 0,
  `FileHash` varchar(255) DEFAULT NULL,
  `FileFilename` varchar(255) DEFAULT NULL,
  `FileVariant` varchar(255) DEFAULT NULL
) ENGINE=InnoDB DEFAULT CHARSET=utf8;

--
-- Dumping data for table `File_Live`
--

INSERT INTO `File_Live` (`ID`, `ClassName`, `LastEdited`, `Created`, `Version`, `CanViewType`, `CanEditType`, `Name`, `Title`, `ShowInSearch`, `ParentID`, `OwnerID`, `FileHash`, `FileFilename`, `FileVariant`) VALUES
(1, 'SilverStripe\\Assets\\Folder', '2018-12-02 21:32:49', '2018-12-02 21:32:49', 2, 'Inherit', 'Inherit', 'Uploads', 'Uploads', 1, 0, 1, NULL, NULL, NULL),
(2, 'SilverStripe\\Assets\\Image', '2018-12-03 12:55:08', '2018-12-02 21:36:17', 2, 'Inherit', 'Inherit', 'kermit-the-frog.jpg', 'kermit the frog', 1, 1, 1, '46bcdcf4caebc367515d7ce4cddb33ce32d90677', 'Uploads/kermit-the-frog.jpg', NULL),
(3, 'SilverStripe\\Assets\\Image', '2018-12-03 19:12:54', '2018-12-03 19:12:51', 2, 'Inherit', 'Inherit', 'kermit-the-frog.png', 'kermit the frog', 1, 1, 1, '771b401337b280ff14565d9429d5de24861e3c57', 'Uploads/kermit-the-frog.png', NULL),
(4, 'SilverStripe\\Assets\\Image', '2018-12-03 19:23:29', '2018-12-03 19:23:27', 2, 'Inherit', 'Inherit', 'miss-piggy.png', 'miss piggy', 1, 1, 1, '2c350e81c234619cda6107fa77ef60697959b21a', 'Uploads/miss-piggy.png', NULL),
(5, 'SilverStripe\\Assets\\Image', '2018-12-03 19:43:27', '2018-12-03 19:43:25', 2, 'Inherit', 'Inherit', 'bert.png', 'bert', 1, 1, 1, 'af033219cca45fd961ab2d1c27e2f71828b5dfa1', 'Uploads/bert.png', NULL),
(6, 'SilverStripe\\Assets\\Image', '2018-12-03 19:44:50', '2018-12-03 19:44:48', 2, 'Inherit', 'Inherit', 'ernie.png', 'ernie', 1, 1, 1, '56debc7adf1a60432bd8f5bc570a852654d602a3', 'Uploads/ernie.png', NULL),
(7, 'SilverStripe\\Assets\\Image', '2018-12-03 19:48:48', '2018-12-03 19:48:46', 2, 'Inherit', 'Inherit', 'ernie-v2.png', 'ernie v2', 1, 1, 1, '26ae4b7fcde51ab57a9b3e4f7e180621723432ef', 'Uploads/ernie-v2.png', NULL),
(8, 'SilverStripe\\Assets\\Image', '2018-12-03 19:52:07', '2018-12-03 19:52:04', 2, 'Inherit', 'Inherit', 'big-bird.png', 'big bird', 1, 1, 1, 'd51bfe57f1b9ed1b30c54a697ef1bc57fbcc20e7', 'Uploads/big-bird.png', NULL),
(9, 'SilverStripe\\Assets\\Image', '2018-12-03 19:58:50', '2018-12-03 19:58:48', 2, 'Inherit', 'Inherit', 'beaker.png', 'beaker', 1, 1, 1, 'bdb12a577cedfbdfd1e2e8aa2cd6040c3f5f41c1', 'Uploads/beaker.png', NULL),
(10, 'SilverStripe\\Assets\\Image', '2018-12-03 20:00:29', '2018-12-03 20:00:27', 2, 'Inherit', 'Inherit', 'dr-bunsen-honeydew.png', 'dr bunsen honeydew', 1, 1, 1, '4696d7bf775921bb09869bc4502477bacc82c505', 'Uploads/dr-bunsen-honeydew.png', NULL),
(11, 'SilverStripe\\Assets\\Image', '2018-12-03 20:02:38', '2018-12-03 20:02:36', 2, 'Inherit', 'Inherit', 'dr-bunsen-honeydew-v2.png', 'dr bunsen honeydew v2', 1, 1, 1, 'a5b92acef0bf91e683eeafe3ca77b3ae7ab231b4', 'Uploads/dr-bunsen-honeydew-v2.png', NULL),
(12, 'SilverStripe\\Assets\\Image', '2018-12-03 20:07:54', '2018-12-03 20:07:52', 2, 'Inherit', 'Inherit', 'mahna-mahna.png', 'mahna mahna', 1, 1, 1, 'a49c4a05a38916c01dd42070bc19400abba41927', 'Uploads/mahna-mahna.png', NULL),
(13, 'SilverStripe\\Assets\\Image', '2018-12-03 20:10:14', '2018-12-03 20:10:12', 2, 'Inherit', 'Inherit', 'sam-the-eagle.png', 'sam the eagle', 1, 1, 1, 'a5554ec6f68af80f2ee32775e049df3915dbf7ef', 'Uploads/sam-the-eagle.png', NULL),
(14, 'SilverStripe\\Assets\\Image', '2018-12-03 20:12:19', '2018-12-03 20:12:18', 2, 'Inherit', 'Inherit', 'grover.png', 'grover', 1, 1, 1, 'b44ddfee2991c02d5655e4266439e8bf7369d543', 'Uploads/grover.png', NULL),
(15, 'SilverStripe\\Assets\\Image', '2018-12-03 20:15:13', '2018-12-03 20:15:11', 2, 'Inherit', 'Inherit', 'elmo.png', 'elmo', 1, 1, 1, '15e41f207081e9c5134a4c541dabf6dab9aaaf46', 'Uploads/elmo.png', NULL),
(16, 'SilverStripe\\Assets\\Image', '2018-12-03 20:49:27', '2018-12-03 20:49:25', 2, 'Inherit', 'Inherit', 'cookie-monster.png', 'cookie monster', 1, 1, 1, 'feae7d40c9d13e6794edeac4ee28548a92b240d7', 'Uploads/cookie-monster.png', NULL);

-- --------------------------------------------------------

--
-- Table structure for table `File_Versions`
--

CREATE TABLE `File_Versions` (
  `ID` int(11) NOT NULL,
  `RecordID` int(11) NOT NULL DEFAULT 0,
  `Version` int(11) NOT NULL DEFAULT 0,
  `WasPublished` tinyint(1) UNSIGNED NOT NULL DEFAULT 0,
  `WasDeleted` tinyint(1) UNSIGNED NOT NULL DEFAULT 0,
  `WasDraft` tinyint(1) UNSIGNED NOT NULL DEFAULT 0,
  `AuthorID` int(11) NOT NULL DEFAULT 0,
  `PublisherID` int(11) NOT NULL DEFAULT 0,
  `ClassName` enum('SilverStripe\\Assets\\File','SilverStripe\\Assets\\Folder','SilverStripe\\Assets\\Image') DEFAULT 'SilverStripe\\Assets\\File',
  `LastEdited` datetime DEFAULT NULL,
  `Created` datetime DEFAULT NULL,
  `CanViewType` enum('Anyone','LoggedInUsers','OnlyTheseUsers','Inherit') DEFAULT 'Inherit',
  `CanEditType` enum('LoggedInUsers','OnlyTheseUsers','Inherit') DEFAULT 'Inherit',
  `Name` varchar(255) DEFAULT NULL,
  `Title` varchar(255) DEFAULT NULL,
  `ShowInSearch` tinyint(1) UNSIGNED NOT NULL DEFAULT 1,
  `ParentID` int(11) NOT NULL DEFAULT 0,
  `OwnerID` int(11) NOT NULL DEFAULT 0,
  `FileHash` varchar(255) DEFAULT NULL,
  `FileFilename` varchar(255) DEFAULT NULL,
  `FileVariant` varchar(255) DEFAULT NULL
) ENGINE=InnoDB DEFAULT CHARSET=utf8;

--
-- Dumping data for table `File_Versions`
--

INSERT INTO `File_Versions` (`ID`, `RecordID`, `Version`, `WasPublished`, `WasDeleted`, `WasDraft`, `AuthorID`, `PublisherID`, `ClassName`, `LastEdited`, `Created`, `CanViewType`, `CanEditType`, `Name`, `Title`, `ShowInSearch`, `ParentID`, `OwnerID`, `FileHash`, `FileFilename`, `FileVariant`) VALUES
(1, 1, 1, 0, 0, 1, 1, 0, 'SilverStripe\\Assets\\Folder', '2018-12-02 21:32:49', '2018-12-02 21:32:49', 'Inherit', 'Inherit', 'Uploads', 'Uploads', 1, 0, 1, NULL, NULL, NULL),
(2, 1, 2, 1, 0, 1, 1, 1, 'SilverStripe\\Assets\\Folder', '2018-12-02 21:32:49', '2018-12-02 21:32:49', 'Inherit', 'Inherit', 'Uploads', 'Uploads', 1, 0, 1, NULL, NULL, NULL),
(3, 2, 1, 0, 0, 1, 1, 0, 'SilverStripe\\Assets\\Image', '2018-12-02 21:36:17', '2018-12-02 21:36:17', 'Inherit', 'Inherit', 'kermit-the-frog.jpg', 'kermit the frog', 1, 1, 1, '46bcdcf4caebc367515d7ce4cddb33ce32d90677', 'Uploads/kermit-the-frog.jpg', NULL),
(4, 2, 2, 1, 0, 1, 1, 1, 'SilverStripe\\Assets\\Image', '2018-12-03 12:55:08', '2018-12-02 21:36:17', 'Inherit', 'Inherit', 'kermit-the-frog.jpg', 'kermit the frog', 1, 1, 1, '46bcdcf4caebc367515d7ce4cddb33ce32d90677', 'Uploads/kermit-the-frog.jpg', NULL),
(5, 3, 1, 0, 0, 1, 1, 0, 'SilverStripe\\Assets\\Image', '2018-12-03 19:12:51', '2018-12-03 19:12:51', 'Inherit', 'Inherit', 'kermit-the-frog.png', 'kermit the frog', 1, 1, 1, '771b401337b280ff14565d9429d5de24861e3c57', 'Uploads/kermit-the-frog.png', NULL),
(6, 3, 2, 1, 0, 1, 1, 1, 'SilverStripe\\Assets\\Image', '2018-12-03 19:12:54', '2018-12-03 19:12:51', 'Inherit', 'Inherit', 'kermit-the-frog.png', 'kermit the frog', 1, 1, 1, '771b401337b280ff14565d9429d5de24861e3c57', 'Uploads/kermit-the-frog.png', NULL),
(7, 4, 1, 0, 0, 1, 1, 0, 'SilverStripe\\Assets\\Image', '2018-12-03 19:23:27', '2018-12-03 19:23:27', 'Inherit', 'Inherit', 'miss-piggy.png', 'miss piggy', 1, 1, 1, '2c350e81c234619cda6107fa77ef60697959b21a', 'Uploads/miss-piggy.png', NULL),
(8, 4, 2, 1, 0, 1, 1, 1, 'SilverStripe\\Assets\\Image', '2018-12-03 19:23:29', '2018-12-03 19:23:27', 'Inherit', 'Inherit', 'miss-piggy.png', 'miss piggy', 1, 1, 1, '2c350e81c234619cda6107fa77ef60697959b21a', 'Uploads/miss-piggy.png', NULL),
(9, 5, 1, 0, 0, 1, 1, 0, 'SilverStripe\\Assets\\Image', '2018-12-03 19:43:25', '2018-12-03 19:43:25', 'Inherit', 'Inherit', 'bert.png', 'bert', 1, 1, 1, 'af033219cca45fd961ab2d1c27e2f71828b5dfa1', 'Uploads/bert.png', NULL),
(10, 5, 2, 1, 0, 1, 1, 1, 'SilverStripe\\Assets\\Image', '2018-12-03 19:43:27', '2018-12-03 19:43:25', 'Inherit', 'Inherit', 'bert.png', 'bert', 1, 1, 1, 'af033219cca45fd961ab2d1c27e2f71828b5dfa1', 'Uploads/bert.png', NULL),
(11, 6, 1, 0, 0, 1, 1, 0, 'SilverStripe\\Assets\\Image', '2018-12-03 19:44:48', '2018-12-03 19:44:48', 'Inherit', 'Inherit', 'ernie.png', 'ernie', 1, 1, 1, '56debc7adf1a60432bd8f5bc570a852654d602a3', 'Uploads/ernie.png', NULL),
(12, 6, 2, 1, 0, 1, 1, 1, 'SilverStripe\\Assets\\Image', '2018-12-03 19:44:50', '2018-12-03 19:44:48', 'Inherit', 'Inherit', 'ernie.png', 'ernie', 1, 1, 1, '56debc7adf1a60432bd8f5bc570a852654d602a3', 'Uploads/ernie.png', NULL),
(13, 7, 1, 0, 0, 1, 1, 0, 'SilverStripe\\Assets\\Image', '2018-12-03 19:48:46', '2018-12-03 19:48:46', 'Inherit', 'Inherit', 'ernie-v2.png', 'ernie v2', 1, 1, 1, '26ae4b7fcde51ab57a9b3e4f7e180621723432ef', 'Uploads/ernie-v2.png', NULL),
(14, 7, 2, 1, 0, 1, 1, 1, 'SilverStripe\\Assets\\Image', '2018-12-03 19:48:48', '2018-12-03 19:48:46', 'Inherit', 'Inherit', 'ernie-v2.png', 'ernie v2', 1, 1, 1, '26ae4b7fcde51ab57a9b3e4f7e180621723432ef', 'Uploads/ernie-v2.png', NULL),
(15, 8, 1, 0, 0, 1, 1, 0, 'SilverStripe\\Assets\\Image', '2018-12-03 19:52:04', '2018-12-03 19:52:04', 'Inherit', 'Inherit', 'big-bird.png', 'big bird', 1, 1, 1, 'd51bfe57f1b9ed1b30c54a697ef1bc57fbcc20e7', 'Uploads/big-bird.png', NULL),
(16, 8, 2, 1, 0, 1, 1, 1, 'SilverStripe\\Assets\\Image', '2018-12-03 19:52:07', '2018-12-03 19:52:04', 'Inherit', 'Inherit', 'big-bird.png', 'big bird', 1, 1, 1, 'd51bfe57f1b9ed1b30c54a697ef1bc57fbcc20e7', 'Uploads/big-bird.png', NULL),
(17, 9, 1, 0, 0, 1, 1, 0, 'SilverStripe\\Assets\\Image', '2018-12-03 19:58:48', '2018-12-03 19:58:48', 'Inherit', 'Inherit', 'beaker.png', 'beaker', 1, 1, 1, 'bdb12a577cedfbdfd1e2e8aa2cd6040c3f5f41c1', 'Uploads/beaker.png', NULL),
(18, 9, 2, 1, 0, 1, 1, 1, 'SilverStripe\\Assets\\Image', '2018-12-03 19:58:50', '2018-12-03 19:58:48', 'Inherit', 'Inherit', 'beaker.png', 'beaker', 1, 1, 1, 'bdb12a577cedfbdfd1e2e8aa2cd6040c3f5f41c1', 'Uploads/beaker.png', NULL),
(19, 10, 1, 0, 0, 1, 1, 0, 'SilverStripe\\Assets\\Image', '2018-12-03 20:00:27', '2018-12-03 20:00:27', 'Inherit', 'Inherit', 'dr-bunsen-honeydew.png', 'dr bunsen honeydew', 1, 1, 1, '4696d7bf775921bb09869bc4502477bacc82c505', 'Uploads/dr-bunsen-honeydew.png', NULL),
(20, 10, 2, 1, 0, 1, 1, 1, 'SilverStripe\\Assets\\Image', '2018-12-03 20:00:29', '2018-12-03 20:00:27', 'Inherit', 'Inherit', 'dr-bunsen-honeydew.png', 'dr bunsen honeydew', 1, 1, 1, '4696d7bf775921bb09869bc4502477bacc82c505', 'Uploads/dr-bunsen-honeydew.png', NULL),
(21, 11, 1, 0, 0, 1, 1, 0, 'SilverStripe\\Assets\\Image', '2018-12-03 20:02:36', '2018-12-03 20:02:36', 'Inherit', 'Inherit', 'dr-bunsen-honeydew-v2.png', 'dr bunsen honeydew v2', 1, 1, 1, 'a5b92acef0bf91e683eeafe3ca77b3ae7ab231b4', 'Uploads/dr-bunsen-honeydew-v2.png', NULL),
(22, 11, 2, 1, 0, 1, 1, 1, 'SilverStripe\\Assets\\Image', '2018-12-03 20:02:38', '2018-12-03 20:02:36', 'Inherit', 'Inherit', 'dr-bunsen-honeydew-v2.png', 'dr bunsen honeydew v2', 1, 1, 1, 'a5b92acef0bf91e683eeafe3ca77b3ae7ab231b4', 'Uploads/dr-bunsen-honeydew-v2.png', NULL),
(23, 12, 1, 0, 0, 1, 1, 0, 'SilverStripe\\Assets\\Image', '2018-12-03 20:07:52', '2018-12-03 20:07:52', 'Inherit', 'Inherit', 'mahna-mahna.png', 'mahna mahna', 1, 1, 1, 'a49c4a05a38916c01dd42070bc19400abba41927', 'Uploads/mahna-mahna.png', NULL),
(24, 12, 2, 1, 0, 1, 1, 1, 'SilverStripe\\Assets\\Image', '2018-12-03 20:07:54', '2018-12-03 20:07:52', 'Inherit', 'Inherit', 'mahna-mahna.png', 'mahna mahna', 1, 1, 1, 'a49c4a05a38916c01dd42070bc19400abba41927', 'Uploads/mahna-mahna.png', NULL),
(25, 13, 1, 0, 0, 1, 1, 0, 'SilverStripe\\Assets\\Image', '2018-12-03 20:10:12', '2018-12-03 20:10:12', 'Inherit', 'Inherit', 'sam-the-eagle.png', 'sam the eagle', 1, 1, 1, 'a5554ec6f68af80f2ee32775e049df3915dbf7ef', 'Uploads/sam-the-eagle.png', NULL),
(26, 13, 2, 1, 0, 1, 1, 1, 'SilverStripe\\Assets\\Image', '2018-12-03 20:10:14', '2018-12-03 20:10:12', 'Inherit', 'Inherit', 'sam-the-eagle.png', 'sam the eagle', 1, 1, 1, 'a5554ec6f68af80f2ee32775e049df3915dbf7ef', 'Uploads/sam-the-eagle.png', NULL),
(27, 14, 1, 0, 0, 1, 1, 0, 'SilverStripe\\Assets\\Image', '2018-12-03 20:12:18', '2018-12-03 20:12:18', 'Inherit', 'Inherit', 'grover.png', 'grover', 1, 1, 1, 'b44ddfee2991c02d5655e4266439e8bf7369d543', 'Uploads/grover.png', NULL),
(28, 14, 2, 1, 0, 1, 1, 1, 'SilverStripe\\Assets\\Image', '2018-12-03 20:12:19', '2018-12-03 20:12:18', 'Inherit', 'Inherit', 'grover.png', 'grover', 1, 1, 1, 'b44ddfee2991c02d5655e4266439e8bf7369d543', 'Uploads/grover.png', NULL),
(29, 15, 1, 0, 0, 1, 1, 0, 'SilverStripe\\Assets\\Image', '2018-12-03 20:15:11', '2018-12-03 20:15:11', 'Inherit', 'Inherit', 'elmo.png', 'elmo', 1, 1, 1, '15e41f207081e9c5134a4c541dabf6dab9aaaf46', 'Uploads/elmo.png', NULL),
(30, 15, 2, 1, 0, 1, 1, 1, 'SilverStripe\\Assets\\Image', '2018-12-03 20:15:13', '2018-12-03 20:15:11', 'Inherit', 'Inherit', 'elmo.png', 'elmo', 1, 1, 1, '15e41f207081e9c5134a4c541dabf6dab9aaaf46', 'Uploads/elmo.png', NULL),
(31, 16, 1, 0, 0, 1, 1, 0, 'SilverStripe\\Assets\\Image', '2018-12-03 20:49:25', '2018-12-03 20:49:25', 'Inherit', 'Inherit', 'cookie-monster.png', 'cookie monster', 1, 1, 1, 'feae7d40c9d13e6794edeac4ee28548a92b240d7', 'Uploads/cookie-monster.png', NULL),
(32, 16, 2, 1, 0, 1, 1, 1, 'SilverStripe\\Assets\\Image', '2018-12-03 20:49:27', '2018-12-03 20:49:25', 'Inherit', 'Inherit', 'cookie-monster.png', 'cookie monster', 1, 1, 1, 'feae7d40c9d13e6794edeac4ee28548a92b240d7', 'Uploads/cookie-monster.png', NULL);

-- --------------------------------------------------------

--
-- Table structure for table `File_ViewerGroups`
--

CREATE TABLE `File_ViewerGroups` (
  `ID` int(11) NOT NULL,
  `FileID` int(11) NOT NULL DEFAULT 0,
  `GroupID` int(11) NOT NULL DEFAULT 0
) ENGINE=InnoDB DEFAULT CHARSET=utf8;

-- --------------------------------------------------------

--
-- Table structure for table `Group`
--

CREATE TABLE `Group` (
  `ID` int(11) NOT NULL,
  `ClassName` enum('SilverStripe\\Security\\Group') DEFAULT 'SilverStripe\\Security\\Group',
  `LastEdited` datetime DEFAULT NULL,
  `Created` datetime DEFAULT NULL,
  `Title` varchar(255) DEFAULT NULL,
  `Description` mediumtext DEFAULT NULL,
  `Code` varchar(255) DEFAULT NULL,
  `Locked` tinyint(1) UNSIGNED NOT NULL DEFAULT 0,
  `Sort` int(11) NOT NULL DEFAULT 0,
  `HtmlEditorConfig` mediumtext DEFAULT NULL,
  `ParentID` int(11) NOT NULL DEFAULT 0
) ENGINE=InnoDB DEFAULT CHARSET=utf8;

--
-- Dumping data for table `Group`
--

INSERT INTO `Group` (`ID`, `ClassName`, `LastEdited`, `Created`, `Title`, `Description`, `Code`, `Locked`, `Sort`, `HtmlEditorConfig`, `ParentID`) VALUES
(1, 'SilverStripe\\Security\\Group', '2018-12-02 17:19:44', '2018-12-02 17:19:44', 'Content Authors', NULL, 'content-authors', 0, 1, NULL, 0),
(2, 'SilverStripe\\Security\\Group', '2018-12-02 17:19:44', '2018-12-02 17:19:44', 'Administrators', NULL, 'administrators', 0, 0, NULL, 0);

-- --------------------------------------------------------

--
-- Table structure for table `Group_Members`
--

CREATE TABLE `Group_Members` (
  `ID` int(11) NOT NULL,
  `GroupID` int(11) NOT NULL DEFAULT 0,
  `MemberID` int(11) NOT NULL DEFAULT 0
) ENGINE=InnoDB DEFAULT CHARSET=utf8;

--
-- Dumping data for table `Group_Members`
--

INSERT INTO `Group_Members` (`ID`, `GroupID`, `MemberID`) VALUES
(1, 2, 1);

-- --------------------------------------------------------

--
-- Table structure for table `Group_Roles`
--

CREATE TABLE `Group_Roles` (
  `ID` int(11) NOT NULL,
  `GroupID` int(11) NOT NULL DEFAULT 0,
  `PermissionRoleID` int(11) NOT NULL DEFAULT 0
) ENGINE=InnoDB DEFAULT CHARSET=utf8;

-- --------------------------------------------------------

--
-- Table structure for table `LoginAttempt`
--

CREATE TABLE `LoginAttempt` (
  `ID` int(11) NOT NULL,
  `ClassName` enum('SilverStripe\\Security\\LoginAttempt') DEFAULT 'SilverStripe\\Security\\LoginAttempt',
  `LastEdited` datetime DEFAULT NULL,
  `Created` datetime DEFAULT NULL,
  `Email` varchar(255) DEFAULT NULL,
  `EmailHashed` varchar(255) DEFAULT NULL,
  `Status` enum('Success','Failure') DEFAULT 'Success',
  `IP` varchar(255) DEFAULT NULL,
  `MemberID` int(11) NOT NULL DEFAULT 0
) ENGINE=InnoDB DEFAULT CHARSET=utf8;

--
-- Dumping data for table `LoginAttempt`
--

INSERT INTO `LoginAttempt` (`ID`, `ClassName`, `LastEdited`, `Created`, `Email`, `EmailHashed`, `Status`, `IP`, `MemberID`) VALUES
(1, 'SilverStripe\\Security\\LoginAttempt', '2018-12-02 17:20:13', '2018-12-02 17:20:13', NULL, 'd033e22ae348aeb5660fc2140aec35850c4da997', 'Success', '127.0.0.1', 1);

-- --------------------------------------------------------

--
-- Table structure for table `Member`
--

CREATE TABLE `Member` (
  `ID` int(11) NOT NULL,
  `ClassName` enum('SilverStripe\\Security\\Member') DEFAULT 'SilverStripe\\Security\\Member',
  `LastEdited` datetime DEFAULT NULL,
  `Created` datetime DEFAULT NULL,
  `FirstName` varchar(255) DEFAULT NULL,
  `Surname` varchar(255) DEFAULT NULL,
  `Email` varchar(254) DEFAULT NULL,
  `TempIDHash` varchar(160) DEFAULT NULL,
  `TempIDExpired` datetime DEFAULT NULL,
  `Password` varchar(160) DEFAULT NULL,
  `AutoLoginHash` varchar(160) DEFAULT NULL,
  `AutoLoginExpired` datetime DEFAULT NULL,
  `PasswordEncryption` varchar(50) DEFAULT NULL,
  `Salt` varchar(50) DEFAULT NULL,
  `PasswordExpiry` date DEFAULT NULL,
  `LockedOutUntil` datetime DEFAULT NULL,
  `Locale` varchar(6) DEFAULT NULL,
  `FailedLoginCount` int(11) NOT NULL DEFAULT 0
) ENGINE=InnoDB DEFAULT CHARSET=utf8;

--
-- Dumping data for table `Member`
--

INSERT INTO `Member` (`ID`, `ClassName`, `LastEdited`, `Created`, `FirstName`, `Surname`, `Email`, `TempIDHash`, `TempIDExpired`, `Password`, `AutoLoginHash`, `AutoLoginExpired`, `PasswordEncryption`, `Salt`, `PasswordExpiry`, `LockedOutUntil`, `Locale`, `FailedLoginCount`) VALUES
(1, 'SilverStripe\\Security\\Member', '2018-12-02 17:20:13', '2018-12-02 17:19:44', 'Default Admin', NULL, 'admin', 'fa449a5fea12622d96f6ba5b3ba6fed6806223a5', '2018-12-05 17:20:13', '$2y$10$ce1ebdc786e7b1b802f1duAsbpd1.DBbRPrPmp/E3sD.I55oiJsmq', NULL, NULL, 'blowfish', '10$ce1ebdc786e7b1b802f1d7', NULL, NULL, 'en_US', 0);

-- --------------------------------------------------------

--
-- Table structure for table `MemberPassword`
--

CREATE TABLE `MemberPassword` (
  `ID` int(11) NOT NULL,
  `ClassName` enum('SilverStripe\\Security\\MemberPassword') DEFAULT 'SilverStripe\\Security\\MemberPassword',
  `LastEdited` datetime DEFAULT NULL,
  `Created` datetime DEFAULT NULL,
  `Password` varchar(160) DEFAULT NULL,
  `Salt` varchar(50) DEFAULT NULL,
  `PasswordEncryption` varchar(50) DEFAULT NULL,
  `MemberID` int(11) NOT NULL DEFAULT 0
) ENGINE=InnoDB DEFAULT CHARSET=utf8;

--
-- Dumping data for table `MemberPassword`
--

INSERT INTO `MemberPassword` (`ID`, `ClassName`, `LastEdited`, `Created`, `Password`, `Salt`, `PasswordEncryption`, `MemberID`) VALUES
(1, 'SilverStripe\\Security\\MemberPassword', '2018-12-02 17:19:44', '2018-12-02 17:19:44', NULL, NULL, 'none', 1),
(2, 'SilverStripe\\Security\\MemberPassword', '2018-12-02 17:19:44', '2018-12-02 17:19:44', '$2y$10$ce1ebdc786e7b1b802f1duAsbpd1.DBbRPrPmp/E3sD.I55oiJsmq', '10$ce1ebdc786e7b1b802f1d7', 'blowfish', 1);

-- --------------------------------------------------------

--
-- Table structure for table `Muppet`
--

CREATE TABLE `Muppet` (
  `ID` int(11) NOT NULL,
  `Name` varchar(100) DEFAULT NULL,
  `Description` mediumtext DEFAULT NULL,
  `PhotoID` int(11) NOT NULL DEFAULT 0,
  `Type` varchar(100) DEFAULT NULL,
  `BgColor` varchar(16) DEFAULT NULL
) ENGINE=InnoDB DEFAULT CHARSET=utf8;

--
-- Dumping data for table `Muppet`
--

INSERT INTO `Muppet` (`ID`, `Name`, `Description`, `PhotoID`, `Type`, `BgColor`) VALUES
(7, NULL, NULL, 0, NULL, NULL),
(8, NULL, NULL, 3, 'The Muppet Show', '4df053'),
(9, NULL, NULL, 4, 'The Muppet Show', 'f754c9'),
(10, NULL, NULL, 5, 'Sesame Street', 'f5ea23'),
(11, NULL, NULL, 7, 'Sesame Street', 'f58c29'),
(12, NULL, NULL, 8, 'Sesame Street', 'e1e81c'),
(13, NULL, NULL, 9, 'The Muppet Show', 'f07635'),
(14, NULL, NULL, 11, 'The Muppet Show', '85714d'),
(15, NULL, NULL, 12, 'The Ed Sullivan Show', '60754f'),
(16, NULL, NULL, 13, 'The Muppet Show', '71d0ed'),
(17, NULL, NULL, 14, 'Sesame Street', '8ea4fa'),
(18, NULL, NULL, 15, 'Sesame Street', 'ed6b6b'),
(19, NULL, NULL, 16, 'Sesame Street', '6aadf5');

-- --------------------------------------------------------

--
-- Table structure for table `Muppet_Live`
--

CREATE TABLE `Muppet_Live` (
  `ID` int(11) NOT NULL,
  `Name` varchar(100) DEFAULT NULL,
  `Description` mediumtext DEFAULT NULL,
  `PhotoID` int(11) NOT NULL DEFAULT 0,
  `Type` varchar(100) DEFAULT NULL,
  `BgColor` varchar(16) DEFAULT NULL
) ENGINE=InnoDB DEFAULT CHARSET=utf8;

--
-- Dumping data for table `Muppet_Live`
--

INSERT INTO `Muppet_Live` (`ID`, `Name`, `Description`, `PhotoID`, `Type`, `BgColor`) VALUES
(8, NULL, NULL, 3, 'The Muppet Show', '4df053'),
(9, NULL, NULL, 4, 'The Muppet Show', 'f754c9'),
(10, NULL, NULL, 5, 'Sesame Street', 'f5ea23'),
(11, NULL, NULL, 7, 'Sesame Street', 'f58c29'),
(12, NULL, NULL, 8, 'Sesame Street', 'e1e81c'),
(13, NULL, NULL, 9, 'The Muppet Show', 'f07635'),
(14, NULL, NULL, 11, 'The Muppet Show', '85714d'),
(15, NULL, NULL, 12, 'The Ed Sullivan Show', '60754f'),
(16, NULL, NULL, 13, 'The Muppet Show', '71d0ed'),
(17, NULL, NULL, 14, 'Sesame Street', '8ea4fa'),
(18, NULL, NULL, 15, 'Sesame Street', 'ed6b6b'),
(19, NULL, NULL, 16, 'Sesame Street', '6aadf5');

-- --------------------------------------------------------

--
-- Table structure for table `Muppet_Versions`
--

CREATE TABLE `Muppet_Versions` (
  `ID` int(11) NOT NULL,
  `RecordID` int(11) NOT NULL DEFAULT 0,
  `Version` int(11) NOT NULL DEFAULT 0,
  `Name` varchar(100) DEFAULT NULL,
  `Description` mediumtext DEFAULT NULL,
  `PhotoID` int(11) NOT NULL DEFAULT 0,
  `Type` varchar(100) DEFAULT NULL,
  `BgColor` varchar(16) DEFAULT NULL
) ENGINE=InnoDB DEFAULT CHARSET=utf8;

--
-- Dumping data for table `Muppet_Versions`
--

INSERT INTO `Muppet_Versions` (`ID`, `RecordID`, `Version`, `Name`, `Description`, `PhotoID`, `Type`, `BgColor`) VALUES
(1, 7, 1, NULL, NULL, 0, NULL, NULL),
(2, 8, 1, NULL, NULL, 0, NULL, NULL),
(3, 9, 1, NULL, NULL, 0, NULL, NULL),
(4, 8, 4, NULL, NULL, 0, NULL, NULL),
(5, 8, 5, NULL, NULL, 0, NULL, NULL),
(6, 8, 6, NULL, NULL, 0, NULL, NULL),
(7, 8, 7, NULL, NULL, 0, NULL, NULL),
(8, 8, 8, NULL, NULL, 2, NULL, NULL),
(9, 8, 9, NULL, NULL, 2, NULL, NULL),
(10, 8, 10, NULL, NULL, 2, 'The Muppets', NULL),
(11, 8, 11, NULL, NULL, 2, 'The Muppets', NULL),
(12, 8, 12, NULL, NULL, 2, 'The Muppets', '4df053'),
(13, 8, 13, NULL, NULL, 2, 'The Muppets', '4df053'),
(14, 8, 14, NULL, NULL, 3, 'The Muppets', '4df053'),
(15, 8, 15, NULL, NULL, 3, 'The Muppets', '4df053'),
(16, 9, 2, NULL, NULL, 4, 'The Muppet Show', 'f754c9'),
(17, 9, 3, NULL, NULL, 4, 'The Muppet Show', 'f754c9'),
(18, 10, 1, NULL, NULL, 0, NULL, NULL),
(19, 10, 2, NULL, NULL, 5, 'Sesame Street', 'f5a823'),
(20, 10, 3, NULL, NULL, 5, 'Sesame Street', 'f5a823'),
(21, 11, 1, NULL, NULL, 0, NULL, NULL),
(22, 11, 2, NULL, NULL, 6, 'Sesame Street', 'f58c29'),
(23, 11, 3, NULL, NULL, 6, 'Sesame Street', 'f58c29'),
(24, 10, 4, NULL, NULL, 5, 'Sesame Street', 'f5ea23'),
(25, 10, 5, NULL, NULL, 5, 'Sesame Street', 'f5ea23'),
(26, 11, 4, NULL, NULL, 7, 'Sesame Street', 'f58c29'),
(27, 11, 5, NULL, NULL, 7, 'Sesame Street', 'f58c29'),
(28, 12, 1, NULL, NULL, 0, NULL, NULL),
(29, 12, 2, NULL, NULL, 8, 'Sesame Street', 'f8ff29'),
(30, 12, 3, NULL, NULL, 8, 'Sesame Street', 'f8ff29'),
(31, 13, 1, NULL, NULL, 0, NULL, NULL),
(32, 13, 2, NULL, NULL, 9, 'The Muppet Show', 'eafa37'),
(33, 13, 3, NULL, NULL, 9, 'The Muppet Show', 'eafa37'),
(34, 14, 1, NULL, NULL, 0, NULL, NULL),
(35, 14, 2, NULL, NULL, 10, 'The Muppet Show', 'f24864'),
(36, 14, 3, NULL, NULL, 10, 'The Muppet Show', 'f24864'),
(37, 8, 16, NULL, NULL, 3, 'The Muppet Show', '4df053'),
(38, 8, 17, NULL, NULL, 3, 'The Muppet Show', '4df053'),
(39, 14, 4, NULL, NULL, 11, 'The Muppet Show', 'f24864'),
(40, 14, 5, NULL, NULL, 11, 'The Muppet Show', 'f24864'),
(41, 14, 6, NULL, NULL, 11, 'The Muppet Show', '85714d'),
(42, 14, 7, NULL, NULL, 11, 'The Muppet Show', '85714d'),
(43, 15, 1, NULL, NULL, 0, NULL, NULL),
(44, 15, 2, NULL, NULL, 12, 'The Ed Sullivan Show', '60754f'),
(45, 15, 3, NULL, NULL, 12, 'The Ed Sullivan Show', '60754f'),
(46, 16, 1, NULL, NULL, 0, NULL, NULL),
(47, 16, 2, NULL, NULL, 13, 'The Muppet Show', '71d0ed'),
(48, 16, 3, NULL, NULL, 13, 'The Muppet Show', '71d0ed'),
(49, 17, 1, NULL, NULL, 0, NULL, NULL),
(50, 17, 2, NULL, NULL, 14, 'Sesame Street', '8ea4fa'),
(51, 17, 3, NULL, NULL, 14, 'Sesame Street', '8ea4fa'),
(52, 18, 1, NULL, NULL, 0, NULL, NULL),
(53, 18, 2, NULL, NULL, 15, 'Sesame Street', 'ed6b6b'),
(54, 18, 3, NULL, NULL, 15, 'Sesame Street', 'ed6b6b'),
(55, 19, 1, NULL, NULL, 0, NULL, NULL),
(56, 19, 2, NULL, NULL, 0, 'Sesame Street', '6aadf5'),
(57, 19, 3, NULL, NULL, 0, 'Sesame Street', '6aadf5'),
(58, 19, 4, NULL, NULL, 16, 'Sesame Street', '6aadf5'),
(59, 19, 5, NULL, NULL, 16, 'Sesame Street', '6aadf5'),
(60, 13, 4, NULL, NULL, 9, 'The Muppet Show', 'f07635'),
(61, 13, 5, NULL, NULL, 9, 'The Muppet Show', 'f07635'),
(62, 12, 4, NULL, NULL, 8, 'Sesame Street', 'e1e81c'),
(63, 12, 5, NULL, NULL, 8, 'Sesame Street', 'e1e81c');

-- --------------------------------------------------------

--
-- Table structure for table `Permission`
--

CREATE TABLE `Permission` (
  `ID` int(11) NOT NULL,
  `ClassName` enum('SilverStripe\\Security\\Permission') DEFAULT 'SilverStripe\\Security\\Permission',
  `LastEdited` datetime DEFAULT NULL,
  `Created` datetime DEFAULT NULL,
  `Code` varchar(255) DEFAULT NULL,
  `Arg` int(11) NOT NULL DEFAULT 0,
  `Type` int(11) NOT NULL DEFAULT 1,
  `GroupID` int(11) NOT NULL DEFAULT 0
) ENGINE=InnoDB DEFAULT CHARSET=utf8;

--
-- Dumping data for table `Permission`
--

INSERT INTO `Permission` (`ID`, `ClassName`, `LastEdited`, `Created`, `Code`, `Arg`, `Type`, `GroupID`) VALUES
(1, 'SilverStripe\\Security\\Permission', '2018-12-02 17:19:44', '2018-12-02 17:19:44', 'CMS_ACCESS_CMSMain', 0, 1, 1),
(2, 'SilverStripe\\Security\\Permission', '2018-12-02 17:19:44', '2018-12-02 17:19:44', 'CMS_ACCESS_AssetAdmin', 0, 1, 1),
(3, 'SilverStripe\\Security\\Permission', '2018-12-02 17:19:44', '2018-12-02 17:19:44', 'CMS_ACCESS_ReportAdmin', 0, 1, 1),
(4, 'SilverStripe\\Security\\Permission', '2018-12-02 17:19:44', '2018-12-02 17:19:44', 'SITETREE_REORGANISE', 0, 1, 1),
(5, 'SilverStripe\\Security\\Permission', '2018-12-02 17:19:44', '2018-12-02 17:19:44', 'ADMIN', 0, 1, 2);

-- --------------------------------------------------------

--
-- Table structure for table `PermissionRole`
--

CREATE TABLE `PermissionRole` (
  `ID` int(11) NOT NULL,
  `ClassName` enum('SilverStripe\\Security\\PermissionRole') DEFAULT 'SilverStripe\\Security\\PermissionRole',
  `LastEdited` datetime DEFAULT NULL,
  `Created` datetime DEFAULT NULL,
  `Title` varchar(255) DEFAULT NULL,
  `OnlyAdminCanApply` tinyint(1) UNSIGNED NOT NULL DEFAULT 0
) ENGINE=InnoDB DEFAULT CHARSET=utf8;

-- --------------------------------------------------------

--
-- Table structure for table `PermissionRoleCode`
--

CREATE TABLE `PermissionRoleCode` (
  `ID` int(11) NOT NULL,
  `ClassName` enum('SilverStripe\\Security\\PermissionRoleCode') DEFAULT 'SilverStripe\\Security\\PermissionRoleCode',
  `LastEdited` datetime DEFAULT NULL,
  `Created` datetime DEFAULT NULL,
  `Code` varchar(255) DEFAULT NULL,
  `RoleID` int(11) NOT NULL DEFAULT 0
) ENGINE=InnoDB DEFAULT CHARSET=utf8;

-- --------------------------------------------------------

--
-- Table structure for table `RedirectorPage`
--

CREATE TABLE `RedirectorPage` (
  `ID` int(11) NOT NULL,
  `RedirectionType` enum('Internal','External') DEFAULT 'Internal',
  `ExternalURL` varchar(2083) DEFAULT NULL,
  `LinkToID` int(11) NOT NULL DEFAULT 0
) ENGINE=InnoDB DEFAULT CHARSET=utf8;

-- --------------------------------------------------------

--
-- Table structure for table `RedirectorPage_Live`
--

CREATE TABLE `RedirectorPage_Live` (
  `ID` int(11) NOT NULL,
  `RedirectionType` enum('Internal','External') DEFAULT 'Internal',
  `ExternalURL` varchar(2083) DEFAULT NULL,
  `LinkToID` int(11) NOT NULL DEFAULT 0
) ENGINE=InnoDB DEFAULT CHARSET=utf8;

-- --------------------------------------------------------

--
-- Table structure for table `RedirectorPage_Versions`
--

CREATE TABLE `RedirectorPage_Versions` (
  `ID` int(11) NOT NULL,
  `RecordID` int(11) NOT NULL DEFAULT 0,
  `Version` int(11) NOT NULL DEFAULT 0,
  `RedirectionType` enum('Internal','External') DEFAULT 'Internal',
  `ExternalURL` varchar(2083) DEFAULT NULL,
  `LinkToID` int(11) NOT NULL DEFAULT 0
) ENGINE=InnoDB DEFAULT CHARSET=utf8;

-- --------------------------------------------------------

--
-- Table structure for table `RememberLoginHash`
--

CREATE TABLE `RememberLoginHash` (
  `ID` int(11) NOT NULL,
  `ClassName` enum('SilverStripe\\Security\\RememberLoginHash') DEFAULT 'SilverStripe\\Security\\RememberLoginHash',
  `LastEdited` datetime DEFAULT NULL,
  `Created` datetime DEFAULT NULL,
  `DeviceID` varchar(40) DEFAULT NULL,
  `Hash` varchar(160) DEFAULT NULL,
  `ExpiryDate` datetime DEFAULT NULL,
  `MemberID` int(11) NOT NULL DEFAULT 0
) ENGINE=InnoDB DEFAULT CHARSET=utf8;

-- --------------------------------------------------------

--
-- Table structure for table `SilverStripe_Muppetopia_MuppetPage`
--

CREATE TABLE `SilverStripe_Muppetopia_MuppetPage` (
  `ID` int(11) NOT NULL,
  `Name` varchar(100) DEFAULT NULL,
  `Description` mediumtext DEFAULT NULL,
  `PhotoID` int(11) NOT NULL DEFAULT 0
) ENGINE=InnoDB DEFAULT CHARSET=utf8;

-- --------------------------------------------------------

--
-- Table structure for table `SilverStripe_Muppetopia_MuppetPage_Live`
--

CREATE TABLE `SilverStripe_Muppetopia_MuppetPage_Live` (
  `ID` int(11) NOT NULL,
  `Name` varchar(100) DEFAULT NULL,
  `Description` mediumtext DEFAULT NULL,
  `PhotoID` int(11) NOT NULL DEFAULT 0
) ENGINE=InnoDB DEFAULT CHARSET=utf8;

-- --------------------------------------------------------

--
-- Table structure for table `SilverStripe_Muppetopia_MuppetPage_Versions`
--

CREATE TABLE `SilverStripe_Muppetopia_MuppetPage_Versions` (
  `ID` int(11) NOT NULL,
  `RecordID` int(11) NOT NULL DEFAULT 0,
  `Version` int(11) NOT NULL DEFAULT 0,
  `Name` varchar(100) DEFAULT NULL,
  `Description` mediumtext DEFAULT NULL,
  `PhotoID` int(11) NOT NULL DEFAULT 0
) ENGINE=InnoDB DEFAULT CHARSET=utf8;

-- --------------------------------------------------------

--
-- Table structure for table `SiteConfig`
--

CREATE TABLE `SiteConfig` (
  `ID` int(11) NOT NULL,
  `ClassName` enum('SilverStripe\\SiteConfig\\SiteConfig') DEFAULT 'SilverStripe\\SiteConfig\\SiteConfig',
  `LastEdited` datetime DEFAULT NULL,
  `Created` datetime DEFAULT NULL,
  `Title` varchar(255) DEFAULT NULL,
  `Tagline` varchar(255) DEFAULT NULL,
  `CanViewType` enum('Anyone','LoggedInUsers','OnlyTheseUsers') DEFAULT 'Anyone',
  `CanEditType` enum('LoggedInUsers','OnlyTheseUsers') DEFAULT 'LoggedInUsers',
  `CanCreateTopLevelType` enum('LoggedInUsers','OnlyTheseUsers') DEFAULT 'LoggedInUsers'
) ENGINE=InnoDB DEFAULT CHARSET=utf8;

--
-- Dumping data for table `SiteConfig`
--

INSERT INTO `SiteConfig` (`ID`, `ClassName`, `LastEdited`, `Created`, `Title`, `Tagline`, `CanViewType`, `CanEditType`, `CanCreateTopLevelType`) VALUES
(1, 'SilverStripe\\SiteConfig\\SiteConfig', '2018-12-02 19:07:44', '2018-12-02 17:19:44', 'Muppetopia', NULL, 'Anyone', 'LoggedInUsers', 'LoggedInUsers');

-- --------------------------------------------------------

--
-- Table structure for table `SiteConfig_CreateTopLevelGroups`
--

CREATE TABLE `SiteConfig_CreateTopLevelGroups` (
  `ID` int(11) NOT NULL,
  `SiteConfigID` int(11) NOT NULL DEFAULT 0,
  `GroupID` int(11) NOT NULL DEFAULT 0
) ENGINE=InnoDB DEFAULT CHARSET=utf8;

-- --------------------------------------------------------

--
-- Table structure for table `SiteConfig_EditorGroups`
--

CREATE TABLE `SiteConfig_EditorGroups` (
  `ID` int(11) NOT NULL,
  `SiteConfigID` int(11) NOT NULL DEFAULT 0,
  `GroupID` int(11) NOT NULL DEFAULT 0
) ENGINE=InnoDB DEFAULT CHARSET=utf8;

-- --------------------------------------------------------

--
-- Table structure for table `SiteConfig_ViewerGroups`
--

CREATE TABLE `SiteConfig_ViewerGroups` (
  `ID` int(11) NOT NULL,
  `SiteConfigID` int(11) NOT NULL DEFAULT 0,
  `GroupID` int(11) NOT NULL DEFAULT 0
) ENGINE=InnoDB DEFAULT CHARSET=utf8;

-- --------------------------------------------------------

--
-- Table structure for table `SiteTree`
--

CREATE TABLE `SiteTree` (
  `ID` int(11) NOT NULL,
  `ClassName` enum('SilverStripe\\CMS\\Model\\SiteTree','Page','ContactPage','HomePage','SilverStripe\\Muppetopia\\MuppetHolder','SilverStripe\\Muppetopia\\MuppetPage','SilverStripe\\ErrorPage\\ErrorPage','SilverStripe\\CMS\\Model\\RedirectorPage','SilverStripe\\CMS\\Model\\VirtualPage') DEFAULT 'Page',
  `LastEdited` datetime DEFAULT NULL,
  `Created` datetime DEFAULT NULL,
  `CanViewType` enum('Anyone','LoggedInUsers','OnlyTheseUsers','Inherit') DEFAULT 'Inherit',
  `CanEditType` enum('LoggedInUsers','OnlyTheseUsers','Inherit') DEFAULT 'Inherit',
  `Version` int(11) NOT NULL DEFAULT 0,
  `URLSegment` varchar(255) DEFAULT NULL,
  `Title` varchar(255) DEFAULT NULL,
  `MenuTitle` varchar(100) DEFAULT NULL,
  `Content` mediumtext DEFAULT NULL,
  `MetaDescription` mediumtext DEFAULT NULL,
  `ExtraMeta` mediumtext DEFAULT NULL,
  `ShowInMenus` tinyint(1) UNSIGNED NOT NULL DEFAULT 0,
  `ShowInSearch` tinyint(1) UNSIGNED NOT NULL DEFAULT 0,
  `Sort` int(11) NOT NULL DEFAULT 0,
  `HasBrokenFile` tinyint(1) UNSIGNED NOT NULL DEFAULT 0,
  `HasBrokenLink` tinyint(1) UNSIGNED NOT NULL DEFAULT 0,
  `ReportClass` varchar(255) DEFAULT NULL,
  `ParentID` int(11) NOT NULL DEFAULT 0
) ENGINE=InnoDB DEFAULT CHARSET=utf8;

--
-- Dumping data for table `SiteTree`
--

INSERT INTO `SiteTree` (`ID`, `ClassName`, `LastEdited`, `Created`, `CanViewType`, `CanEditType`, `Version`, `URLSegment`, `Title`, `MenuTitle`, `Content`, `MetaDescription`, `ExtraMeta`, `ShowInMenus`, `ShowInSearch`, `Sort`, `HasBrokenFile`, `HasBrokenLink`, `ReportClass`, `ParentID`) VALUES
(1, 'HomePage', '2018-12-04 16:27:16', '2018-12-02 17:19:44', 'Inherit', 'Inherit', 12, 'home', 'Home', NULL, '<h1>Welcome to Muppetopia</h1><p>The Muppets are an ensemble cast of puppet characters known for their self-aware, burlesque, and meta-referential style of variety-sketch comedy. Created by Jim and Jane Henson in 1955, they are the namesake for the Disney media franchise that encompasses television, music, film, and other media associated with the characters.</p><p><a class=\"btn\" href=\"/meet-the-muppets/\">Meet The Muppets</a></p>', NULL, NULL, 1, 1, 1, 0, 0, NULL, 0),
(3, 'ContactPage', '2018-12-04 16:58:30', '2018-12-02 17:19:44', 'Inherit', 'Inherit', 6, 'contact-us', 'Contact Us', NULL, NULL, NULL, NULL, 1, 1, 4, 0, 0, NULL, 0),
(4, 'SilverStripe\\ErrorPage\\ErrorPage', '2018-12-02 17:19:44', '2018-12-02 17:19:44', 'Inherit', 'Inherit', 2, 'page-not-found', 'Page not found', NULL, '<p>Sorry, it seems you were trying to access a page that doesn\'t exist.</p><p>Please check the spelling of the URL you were trying to access and try again.</p>', NULL, NULL, 0, 0, 5, 0, 0, NULL, 0),
(6, 'SilverStripe\\Muppetopia\\MuppetHolder', '2018-12-02 21:27:14', '2018-12-02 18:13:41', 'Inherit', 'Inherit', 11, 'meet-the-muppets', 'Meet The Muppets', NULL, NULL, NULL, NULL, 1, 1, 3, 0, 0, NULL, 0),
(8, 'SilverStripe\\Muppetopia\\MuppetPage', '2018-12-03 20:00:40', '2018-12-02 21:06:43', 'Inherit', 'Inherit', 17, 'kermit-the-frog', 'Kermit The Frog', NULL, '<p>Arguably&nbsp;Jim Henson\'s&nbsp;most famous Muppet creation, was the star and host of&nbsp;The Muppet Show, played a significant role on&nbsp;Sesame Street, and served as the logo of&nbsp;The Jim Henson Company. He continues to star in the&nbsp;Muppet movies&nbsp;and makes numerous&nbsp;TV appearances.</p>', NULL, NULL, 1, 1, 1, 0, 0, NULL, 6),
(9, 'SilverStripe\\Muppetopia\\MuppetPage', '2018-12-03 19:23:29', '2018-12-02 21:07:51', 'Inherit', 'Inherit', 3, 'miss-piggy', 'Miss Piggy', NULL, '<p>Miss Piggy is one of the central characters on The Muppet Show. She is a force of nature who developed from a one-joke running gag into a complex, three-dimensional character.</p><p>Miss Piggy is a prima-donna pig who is absolutely convinced that she\'s destined for stardom, and nothing is going to stand in her way. Her public face is the soul of feminine charm, but she can instantly fly into a rage whenever she thinks she\'s insulted or thwarted. Kermit the Frog has learned this all too well; when she isn\'t smothering him in kisses, she\'s sending him flying through the air with a karate-chop.</p>', NULL, NULL, 1, 1, 2, 0, 0, NULL, 6),
(10, 'SilverStripe\\Muppetopia\\MuppetPage', '2018-12-03 19:45:03', '2018-12-03 19:41:54', 'Inherit', 'Inherit', 5, 'bert', 'Bert', NULL, '<p>Bert is Ernie\'s best friend and roommate on Sesame Street. The pair share the basement apartment at 123 Sesame Street. In contrast to the practical-joking, extroverted Ernie, Bert is serious, studious, and tries to make sense of his friend\'s actions. His own passions include reading Boring Stories, collecting paper clips and bottle caps (especially the rare Figgy Fizz), consuming oatmeal, and studying pigeons. While Ernie\'s best companion outside of Bert is Rubber Duckie, Bert has his pet pigeon, Bernice. True to his detail-oriented, organized mind, Bert is president of the National Association of W Lovers. Unfortunately for Bert, his nose has come off of his face on a number of occasions. He has a distinctive, bleating laugh.</p>', NULL, NULL, 1, 1, 3, 0, 0, NULL, 6),
(11, 'SilverStripe\\Muppetopia\\MuppetPage', '2018-12-03 19:48:48', '2018-12-03 19:43:40', 'Inherit', 'Inherit', 5, 'ernie', 'Ernie', NULL, '<p>Ernie has been one of the stars of Sesame Street since its first episode in 1969. Ernie and his best friend Bert share the basement apartment at 123 Sesame Street. Together they form a comic duo that is one of the program\'s centerpieces, with Ernie acting the role of the nave trouble-maker and Bert the world-weary foil.</p><p>Ernie is well known for his fondness for bubble baths with his Rubber Duckie, and for trying to learn to play the saxophone although he wouldn\'t \"put down the duckie.\" Ernie is also known for keeping Bert awake at night, for reasons such as wanting to play the drums, wanting to count something (like sheep), to observe something like a blackout, or even because he is waiting for his upstairs neighbor to drop his shoes.</p>', NULL, NULL, 1, 1, 4, 0, 0, NULL, 6),
(12, 'SilverStripe\\Muppetopia\\MuppetPage', '2018-12-04 16:20:19', '2018-12-03 19:50:25', 'Inherit', 'Inherit', 5, 'big-bird', 'Big Bird', NULL, '<p>Big Bird is an 8\'2\" yellow bird who lives on Sesame Street. Since Sesame Street premiered in 1969, Big Bird has entertained millions of pre-school children and their parents with his wide-eyed wondering at the world. Big Bird is also a bird who makes friends easily.</p><p>The world-famous bird has been a central character on Sesame Street for the program\'s run, debuting in the first episode. The big yellow bird can roller skate, ice skate, dance, sing, write poetry, draw and even ride a unicycle  pretty talented for a character described in the TV show\'s writer\'s guide as a 6-year-old. But despite this wide array of talents, he\'s prone to frequent misunderstandings, like thinking that the alphabet is one long word.</p>', NULL, NULL, 1, 1, 5, 0, 0, NULL, 6),
(13, 'SilverStripe\\Muppetopia\\MuppetPage', '2018-12-04 16:20:02', '2018-12-03 19:57:53', 'Inherit', 'Inherit', 5, 'beaker', 'Beaker', NULL, '<p>Beaker is the hapless assistant to Dr. Bunsen Honeydew. He is a Live-Hand Muppet who made his first appearance in Muppet Labs sketches during the second season of The Muppet Show. Kermit the Frog describes Beaker by saying \"If somebody has to get hurt, it\'s almost always Beaker.\"</p>', NULL, NULL, 1, 1, 6, 0, 0, NULL, 6),
(14, 'SilverStripe\\Muppetopia\\MuppetPage', '2018-12-03 20:03:12', '2018-12-03 19:58:59', 'Inherit', 'Inherit', 7, 'dr-bunsen-honeydew', 'Dr. Bunsen Honeydew', NULL, '<p>Dr. Bunsen Honeydew is the resident scientist on The Muppet Show, and the host of the Muppet Labs sketches. In season one of The Muppet Show he worked alone, but in season two, his assistant Beaker was added to the show. Bunsen is always eager to show off his latest scientific discovery, but his excitement about progress tends to render him short-sighted. Beaker usually ends up being harmed by Dr. Honeydew\'s inventions. Bunsen Honeydew\'s name comes from the scientific instrument called the Bunsen burner, and the shape of his head, which looks like a honeydew melon.</p><p>Bunsen\'s inventions have included a gorilla detector, exploding clothes, edible paper clips, a banana sharpener, hair-growing tonic, and a machine that can turn gold into cottage cheese.</p>', NULL, NULL, 1, 1, 7, 0, 0, NULL, 6),
(15, 'SilverStripe\\Muppetopia\\MuppetPage', '2018-12-03 20:07:54', '2018-12-03 20:06:49', 'Inherit', 'Inherit', 3, 'mahna-mahna', 'Mahna Mahna', NULL, '<p>Mahna Mahna is a purple Muppet with wild, orange hair and a furry, green tunic who is most famous for performing the nonsense song \"Mahna Mahna\" with the Snowths. His vocabulary is essentially limited to saying his own name and scatting.</p><p>Mahna Mahna made his debut on The Ed Sullivan Show in 1969, where he sang \"Mahna Mahna\" for the first time. In a later appearance on the variety show, he played a drummer filling in for a violinist in a string quartet performing Beethoven\'s \"Minuet in G Major.\" The scripts for that appearance refer to him as \"Harry\".</p>', NULL, NULL, 1, 1, 8, 0, 0, NULL, 6),
(16, 'SilverStripe\\Muppetopia\\MuppetPage', '2018-12-03 20:10:13', '2018-12-03 20:08:56', 'Inherit', 'Inherit', 3, 'sam-the-eagle', 'Sam the Eagle', NULL, '<p>Sam the Eagle is an American eagle who feels his species and role as national symbol have placed certain responsibilities upon his shoulders. He has taken it upon himself to promote and protect wholesome American morals and values, and he works behind the scenes of The Muppet Show as self-appointed censor and advocate of cultural, educational acts such as Wayne and Wanda.</p><p>Sam is appalled by the nonsense that passes for entertainment on the series and does his best to keep things in check, even though his pleas for an end to madness are usually ignored. As noted in the first issue of The Muppet Show Fan Club newsletter, Sam\'s overpowering burden is to act as the \"moral center\" of The Muppet Show. He would, in fact, like to concern himself with the morals of the entire world, but \"regrets that it takes all his time and energy just to keep up with The Muppet Show.\"</p>', NULL, NULL, 1, 1, 9, 0, 0, NULL, 6),
(17, 'SilverStripe\\Muppetopia\\MuppetPage', '2018-12-03 20:12:19', '2018-12-03 20:11:32', 'Inherit', 'Inherit', 3, 'grover', 'Grover', NULL, '<p>Grover is a Sesame Street character who describes himself as a \"cute, furry little monster\". Grover rarely uses contractions when speaking, giving him a distinctive vocal pattern, in comparison to many other television characters. His character is multi-talented, taking on many different roles and professions throughout the series\' run. He loves to help people, but is extremely bad at it.</p><p>Grover appears in several recurring Sesame Street segments, including Waiter Grover; Super Grover; and Global Grover. He also frequently appears in Monsterpiece Theater and the Spanish Word of the Day segments. He was one of the hosts of Play with Me Sesame, with his main roles being in interactive music sequences, as the self-proclaimed \"moving and grooving monster\".</p>', NULL, NULL, 1, 1, 10, 0, 0, NULL, 6),
(18, 'SilverStripe\\Muppetopia\\MuppetPage', '2018-12-03 20:15:13', '2018-12-03 20:12:47', 'Inherit', 'Inherit', 3, 'elmo', 'Elmo', NULL, '<p>Elmo is a furry red Muppet monster with an orange nose who lives on Sesame Street. He is self-described as three-and-a-half years old, and almost always refers to himself in the third person. The character\'s popularity led to his own segments on Sesame Street including \"Elmo\'s World\" and \"Elmo the Musical\".</p>', NULL, NULL, 1, 1, 11, 0, 0, NULL, 6),
(19, 'SilverStripe\\Muppetopia\\MuppetPage', '2018-12-03 20:49:27', '2018-12-03 20:45:16', 'Inherit', 'Inherit', 5, 'cookie-monster', 'Cookie Monster', NULL, '<p>Cookie Monster is a voracious monster and one of the main characters on Sesame Street. Covered with blue fur and possessing a pair of googly eyes, Cookie Monster has an insatiable appetite. As his name implies, his primary craving is cookies, but he can (and often does) consume anything and everything, from apples and pie to letters, flatware, and hubcaps. When Cookie Monster eats something, he makes a very distinct, loud munching \"noise\", often interpreted as \"OMM-nom-nom-nom...\"</p><p>Cookie Monster has a deep, growly voice, and generally speaks with simplistic diction, saying everything with \"me\" - for instance, \"Me want cookie!\", as opposed to \"I want a cookie!\" (though in early seasons, Cookie spoke the other way around, and only occasionally would \"me\" slip in). Cookie occasionally displays an unexpectedly complex vocabulary, however, and is at his most gentrified when in his Alistair Cookie persona, hosting Monsterpiece Theater.</p>', NULL, NULL, 1, 1, 12, 0, 0, NULL, 6),
(20, 'SilverStripe\\ErrorPage\\ErrorPage', '2018-12-04 17:18:15', '2018-12-04 17:17:56', 'Inherit', 'Inherit', 2, 'server-error-2', 'Server error', NULL, '<p>Sorry, there was a problem with handling your request.</p>', NULL, NULL, 0, 0, 7, 0, 0, NULL, 0),
(21, 'Page', '2018-12-04 17:49:10', '2018-12-04 17:48:50', 'Inherit', 'Inherit', 3, 'thank-you', 'Thank You!', NULL, '<p>Thanks for your interesting muppet-related question!</p>', NULL, NULL, 1, 1, 1, 0, 0, NULL, 3);

-- --------------------------------------------------------

--
-- Table structure for table `SiteTreeLink`
--

CREATE TABLE `SiteTreeLink` (
  `ID` int(11) NOT NULL,
  `ClassName` enum('SilverStripe\\CMS\\Model\\SiteTreeLink') DEFAULT 'SilverStripe\\CMS\\Model\\SiteTreeLink',
  `LastEdited` datetime DEFAULT NULL,
  `Created` datetime DEFAULT NULL,
  `LinkedID` int(11) NOT NULL DEFAULT 0,
  `ParentID` int(11) NOT NULL DEFAULT 0,
  `ParentClass` enum('SilverStripe\\Assets\\File','SilverStripe\\SiteConfig\\SiteConfig','SilverStripe\\Versioned\\ChangeSet','SilverStripe\\Versioned\\ChangeSetItem','SilverStripe\\Assets\\Shortcodes\\FileLink','SilverStripe\\CMS\\Model\\SiteTree','SilverStripe\\CMS\\Model\\SiteTreeLink','SilverStripe\\Security\\Group','SilverStripe\\Security\\LoginAttempt','SilverStripe\\Security\\Member','SilverStripe\\Security\\MemberPassword','SilverStripe\\Security\\Permission','SilverStripe\\Security\\PermissionRole','SilverStripe\\Security\\PermissionRoleCode','SilverStripe\\Security\\RememberLoginHash','SilverStripe\\Assets\\Folder','SilverStripe\\Assets\\Image','Page','ContactPage','HomePage','SilverStripe\\Muppetopia\\MuppetHolder','SilverStripe\\Muppetopia\\MuppetPage','SilverStripe\\ErrorPage\\ErrorPage','SilverStripe\\CMS\\Model\\RedirectorPage','SilverStripe\\CMS\\Model\\VirtualPage') DEFAULT 'SilverStripe\\Assets\\File'
) ENGINE=InnoDB DEFAULT CHARSET=utf8;

-- --------------------------------------------------------

--
-- Table structure for table `SiteTree_EditorGroups`
--

CREATE TABLE `SiteTree_EditorGroups` (
  `ID` int(11) NOT NULL,
  `SiteTreeID` int(11) NOT NULL DEFAULT 0,
  `GroupID` int(11) NOT NULL DEFAULT 0
) ENGINE=InnoDB DEFAULT CHARSET=utf8;

-- --------------------------------------------------------

--
-- Table structure for table `SiteTree_Live`
--

CREATE TABLE `SiteTree_Live` (
  `ID` int(11) NOT NULL,
  `ClassName` enum('SilverStripe\\CMS\\Model\\SiteTree','Page','ContactPage','HomePage','SilverStripe\\Muppetopia\\MuppetHolder','SilverStripe\\Muppetopia\\MuppetPage','SilverStripe\\ErrorPage\\ErrorPage','SilverStripe\\CMS\\Model\\RedirectorPage','SilverStripe\\CMS\\Model\\VirtualPage') DEFAULT 'Page',
  `LastEdited` datetime DEFAULT NULL,
  `Created` datetime DEFAULT NULL,
  `CanViewType` enum('Anyone','LoggedInUsers','OnlyTheseUsers','Inherit') DEFAULT 'Inherit',
  `CanEditType` enum('LoggedInUsers','OnlyTheseUsers','Inherit') DEFAULT 'Inherit',
  `Version` int(11) NOT NULL DEFAULT 0,
  `URLSegment` varchar(255) DEFAULT NULL,
  `Title` varchar(255) DEFAULT NULL,
  `MenuTitle` varchar(100) DEFAULT NULL,
  `Content` mediumtext DEFAULT NULL,
  `MetaDescription` mediumtext DEFAULT NULL,
  `ExtraMeta` mediumtext DEFAULT NULL,
  `ShowInMenus` tinyint(1) UNSIGNED NOT NULL DEFAULT 0,
  `ShowInSearch` tinyint(1) UNSIGNED NOT NULL DEFAULT 0,
  `Sort` int(11) NOT NULL DEFAULT 0,
  `HasBrokenFile` tinyint(1) UNSIGNED NOT NULL DEFAULT 0,
  `HasBrokenLink` tinyint(1) UNSIGNED NOT NULL DEFAULT 0,
  `ReportClass` varchar(255) DEFAULT NULL,
  `ParentID` int(11) NOT NULL DEFAULT 0
) ENGINE=InnoDB DEFAULT CHARSET=utf8;

--
-- Dumping data for table `SiteTree_Live`
--

INSERT INTO `SiteTree_Live` (`ID`, `ClassName`, `LastEdited`, `Created`, `CanViewType`, `CanEditType`, `Version`, `URLSegment`, `Title`, `MenuTitle`, `Content`, `MetaDescription`, `ExtraMeta`, `ShowInMenus`, `ShowInSearch`, `Sort`, `HasBrokenFile`, `HasBrokenLink`, `ReportClass`, `ParentID`) VALUES
(1, 'HomePage', '2018-12-04 16:27:16', '2018-12-02 17:19:44', 'Inherit', 'Inherit', 12, 'home', 'Home', NULL, '<h1>Welcome to Muppetopia</h1><p>The Muppets are an ensemble cast of puppet characters known for their self-aware, burlesque, and meta-referential style of variety-sketch comedy. Created by Jim and Jane Henson in 1955, they are the namesake for the Disney media franchise that encompasses television, music, film, and other media associated with the characters.</p><p><a class=\"btn\" href=\"/meet-the-muppets/\">Meet The Muppets</a></p>', NULL, NULL, 1, 1, 1, 0, 0, NULL, 0),
(3, 'ContactPage', '2018-12-04 16:58:30', '2018-12-02 17:19:44', 'Inherit', 'Inherit', 6, 'contact-us', 'Contact Us', NULL, NULL, NULL, NULL, 1, 1, 4, 0, 0, NULL, 0),
(4, 'SilverStripe\\ErrorPage\\ErrorPage', '2018-12-02 17:19:44', '2018-12-02 17:19:44', 'Inherit', 'Inherit', 2, 'page-not-found', 'Page not found', NULL, '<p>Sorry, it seems you were trying to access a page that doesn\'t exist.</p><p>Please check the spelling of the URL you were trying to access and try again.</p>', NULL, NULL, 0, 0, 5, 0, 0, NULL, 0),
(6, 'SilverStripe\\Muppetopia\\MuppetHolder', '2018-12-02 21:27:14', '2018-12-02 18:13:41', 'Inherit', 'Inherit', 11, 'meet-the-muppets', 'Meet The Muppets', NULL, NULL, NULL, NULL, 1, 1, 3, 0, 0, NULL, 0),
(8, 'SilverStripe\\Muppetopia\\MuppetPage', '2018-12-03 20:00:40', '2018-12-02 21:06:43', 'Inherit', 'Inherit', 17, 'kermit-the-frog', 'Kermit The Frog', NULL, '<p>Arguably&nbsp;Jim Henson\'s&nbsp;most famous Muppet creation, was the star and host of&nbsp;The Muppet Show, played a significant role on&nbsp;Sesame Street, and served as the logo of&nbsp;The Jim Henson Company. He continues to star in the&nbsp;Muppet movies&nbsp;and makes numerous&nbsp;TV appearances.</p>', NULL, NULL, 1, 1, 1, 0, 0, NULL, 6),
(9, 'SilverStripe\\Muppetopia\\MuppetPage', '2018-12-03 19:23:29', '2018-12-02 21:07:51', 'Inherit', 'Inherit', 3, 'miss-piggy', 'Miss Piggy', NULL, '<p>Miss Piggy is one of the central characters on The Muppet Show. She is a force of nature who developed from a one-joke running gag into a complex, three-dimensional character.</p><p>Miss Piggy is a prima-donna pig who is absolutely convinced that she\'s destined for stardom, and nothing is going to stand in her way. Her public face is the soul of feminine charm, but she can instantly fly into a rage whenever she thinks she\'s insulted or thwarted. Kermit the Frog has learned this all too well; when she isn\'t smothering him in kisses, she\'s sending him flying through the air with a karate-chop.</p>', NULL, NULL, 1, 1, 2, 0, 0, NULL, 6),
(10, 'SilverStripe\\Muppetopia\\MuppetPage', '2018-12-03 19:45:03', '2018-12-03 19:41:54', 'Inherit', 'Inherit', 5, 'bert', 'Bert', NULL, '<p>Bert is Ernie\'s best friend and roommate on Sesame Street. The pair share the basement apartment at 123 Sesame Street. In contrast to the practical-joking, extroverted Ernie, Bert is serious, studious, and tries to make sense of his friend\'s actions. His own passions include reading Boring Stories, collecting paper clips and bottle caps (especially the rare Figgy Fizz), consuming oatmeal, and studying pigeons. While Ernie\'s best companion outside of Bert is Rubber Duckie, Bert has his pet pigeon, Bernice. True to his detail-oriented, organized mind, Bert is president of the National Association of W Lovers. Unfortunately for Bert, his nose has come off of his face on a number of occasions. He has a distinctive, bleating laugh.</p>', NULL, NULL, 1, 1, 3, 0, 0, NULL, 6),
(11, 'SilverStripe\\Muppetopia\\MuppetPage', '2018-12-03 19:48:48', '2018-12-03 19:43:40', 'Inherit', 'Inherit', 5, 'ernie', 'Ernie', NULL, '<p>Ernie has been one of the stars of Sesame Street since its first episode in 1969. Ernie and his best friend Bert share the basement apartment at 123 Sesame Street. Together they form a comic duo that is one of the program\'s centerpieces, with Ernie acting the role of the nave trouble-maker and Bert the world-weary foil.</p><p>Ernie is well known for his fondness for bubble baths with his Rubber Duckie, and for trying to learn to play the saxophone although he wouldn\'t \"put down the duckie.\" Ernie is also known for keeping Bert awake at night, for reasons such as wanting to play the drums, wanting to count something (like sheep), to observe something like a blackout, or even because he is waiting for his upstairs neighbor to drop his shoes.</p>', NULL, NULL, 1, 1, 4, 0, 0, NULL, 6),
(12, 'SilverStripe\\Muppetopia\\MuppetPage', '2018-12-04 16:20:19', '2018-12-03 19:50:25', 'Inherit', 'Inherit', 5, 'big-bird', 'Big Bird', NULL, '<p>Big Bird is an 8\'2\" yellow bird who lives on Sesame Street. Since Sesame Street premiered in 1969, Big Bird has entertained millions of pre-school children and their parents with his wide-eyed wondering at the world. Big Bird is also a bird who makes friends easily.</p><p>The world-famous bird has been a central character on Sesame Street for the program\'s run, debuting in the first episode. The big yellow bird can roller skate, ice skate, dance, sing, write poetry, draw and even ride a unicycle  pretty talented for a character described in the TV show\'s writer\'s guide as a 6-year-old. But despite this wide array of talents, he\'s prone to frequent misunderstandings, like thinking that the alphabet is one long word.</p>', NULL, NULL, 1, 1, 5, 0, 0, NULL, 6),
(13, 'SilverStripe\\Muppetopia\\MuppetPage', '2018-12-04 16:20:02', '2018-12-03 19:57:53', 'Inherit', 'Inherit', 5, 'beaker', 'Beaker', NULL, '<p>Beaker is the hapless assistant to Dr. Bunsen Honeydew. He is a Live-Hand Muppet who made his first appearance in Muppet Labs sketches during the second season of The Muppet Show. Kermit the Frog describes Beaker by saying \"If somebody has to get hurt, it\'s almost always Beaker.\"</p>', NULL, NULL, 1, 1, 6, 0, 0, NULL, 6),
(14, 'SilverStripe\\Muppetopia\\MuppetPage', '2018-12-03 20:03:12', '2018-12-03 19:58:59', 'Inherit', 'Inherit', 7, 'dr-bunsen-honeydew', 'Dr. Bunsen Honeydew', NULL, '<p>Dr. Bunsen Honeydew is the resident scientist on The Muppet Show, and the host of the Muppet Labs sketches. In season one of The Muppet Show he worked alone, but in season two, his assistant Beaker was added to the show. Bunsen is always eager to show off his latest scientific discovery, but his excitement about progress tends to render him short-sighted. Beaker usually ends up being harmed by Dr. Honeydew\'s inventions. Bunsen Honeydew\'s name comes from the scientific instrument called the Bunsen burner, and the shape of his head, which looks like a honeydew melon.</p><p>Bunsen\'s inventions have included a gorilla detector, exploding clothes, edible paper clips, a banana sharpener, hair-growing tonic, and a machine that can turn gold into cottage cheese.</p>', NULL, NULL, 1, 1, 7, 0, 0, NULL, 6),
(15, 'SilverStripe\\Muppetopia\\MuppetPage', '2018-12-03 20:07:54', '2018-12-03 20:06:49', 'Inherit', 'Inherit', 3, 'mahna-mahna', 'Mahna Mahna', NULL, '<p>Mahna Mahna is a purple Muppet with wild, orange hair and a furry, green tunic who is most famous for performing the nonsense song \"Mahna Mahna\" with the Snowths. His vocabulary is essentially limited to saying his own name and scatting.</p><p>Mahna Mahna made his debut on The Ed Sullivan Show in 1969, where he sang \"Mahna Mahna\" for the first time. In a later appearance on the variety show, he played a drummer filling in for a violinist in a string quartet performing Beethoven\'s \"Minuet in G Major.\" The scripts for that appearance refer to him as \"Harry\".</p>', NULL, NULL, 1, 1, 8, 0, 0, NULL, 6),
(16, 'SilverStripe\\Muppetopia\\MuppetPage', '2018-12-03 20:10:13', '2018-12-03 20:08:56', 'Inherit', 'Inherit', 3, 'sam-the-eagle', 'Sam the Eagle', NULL, '<p>Sam the Eagle is an American eagle who feels his species and role as national symbol have placed certain responsibilities upon his shoulders. He has taken it upon himself to promote and protect wholesome American morals and values, and he works behind the scenes of The Muppet Show as self-appointed censor and advocate of cultural, educational acts such as Wayne and Wanda.</p><p>Sam is appalled by the nonsense that passes for entertainment on the series and does his best to keep things in check, even though his pleas for an end to madness are usually ignored. As noted in the first issue of The Muppet Show Fan Club newsletter, Sam\'s overpowering burden is to act as the \"moral center\" of The Muppet Show. He would, in fact, like to concern himself with the morals of the entire world, but \"regrets that it takes all his time and energy just to keep up with The Muppet Show.\"</p>', NULL, NULL, 1, 1, 9, 0, 0, NULL, 6),
(17, 'SilverStripe\\Muppetopia\\MuppetPage', '2018-12-03 20:12:19', '2018-12-03 20:11:32', 'Inherit', 'Inherit', 3, 'grover', 'Grover', NULL, '<p>Grover is a Sesame Street character who describes himself as a \"cute, furry little monster\". Grover rarely uses contractions when speaking, giving him a distinctive vocal pattern, in comparison to many other television characters. His character is multi-talented, taking on many different roles and professions throughout the series\' run. He loves to help people, but is extremely bad at it.</p><p>Grover appears in several recurring Sesame Street segments, including Waiter Grover; Super Grover; and Global Grover. He also frequently appears in Monsterpiece Theater and the Spanish Word of the Day segments. He was one of the hosts of Play with Me Sesame, with his main roles being in interactive music sequences, as the self-proclaimed \"moving and grooving monster\".</p>', NULL, NULL, 1, 1, 10, 0, 0, NULL, 6),
(18, 'SilverStripe\\Muppetopia\\MuppetPage', '2018-12-03 20:15:13', '2018-12-03 20:12:47', 'Inherit', 'Inherit', 3, 'elmo', 'Elmo', NULL, '<p>Elmo is a furry red Muppet monster with an orange nose who lives on Sesame Street. He is self-described as three-and-a-half years old, and almost always refers to himself in the third person. The character\'s popularity led to his own segments on Sesame Street including \"Elmo\'s World\" and \"Elmo the Musical\".</p>', NULL, NULL, 1, 1, 11, 0, 0, NULL, 6),
(19, 'SilverStripe\\Muppetopia\\MuppetPage', '2018-12-03 20:49:27', '2018-12-03 20:45:16', 'Inherit', 'Inherit', 5, 'cookie-monster', 'Cookie Monster', NULL, '<p>Cookie Monster is a voracious monster and one of the main characters on Sesame Street. Covered with blue fur and possessing a pair of googly eyes, Cookie Monster has an insatiable appetite. As his name implies, his primary craving is cookies, but he can (and often does) consume anything and everything, from apples and pie to letters, flatware, and hubcaps. When Cookie Monster eats something, he makes a very distinct, loud munching \"noise\", often interpreted as \"OMM-nom-nom-nom...\"</p><p>Cookie Monster has a deep, growly voice, and generally speaks with simplistic diction, saying everything with \"me\" - for instance, \"Me want cookie!\", as opposed to \"I want a cookie!\" (though in early seasons, Cookie spoke the other way around, and only occasionally would \"me\" slip in). Cookie occasionally displays an unexpectedly complex vocabulary, however, and is at his most gentrified when in his Alistair Cookie persona, hosting Monsterpiece Theater.</p>', NULL, NULL, 1, 1, 12, 0, 0, NULL, 6),
(20, 'SilverStripe\\ErrorPage\\ErrorPage', '2018-12-04 17:17:56', '2018-12-04 17:17:56', 'Inherit', 'Inherit', 2, 'server-error-2', 'Server error', NULL, '<p>Sorry, there was a problem with handling your request.</p>', NULL, NULL, 0, 0, 7, 0, 0, NULL, 0),
(21, 'Page', '2018-12-04 17:49:10', '2018-12-04 17:48:50', 'Inherit', 'Inherit', 3, 'thank-you', 'Thank You!', NULL, '<p>Thanks for your interesting muppet-related question!</p>', NULL, NULL, 1, 1, 1, 0, 0, NULL, 3);

-- --------------------------------------------------------

--
-- Table structure for table `SiteTree_Versions`
--

CREATE TABLE `SiteTree_Versions` (
  `ID` int(11) NOT NULL,
  `RecordID` int(11) NOT NULL DEFAULT 0,
  `Version` int(11) NOT NULL DEFAULT 0,
  `WasPublished` tinyint(1) UNSIGNED NOT NULL DEFAULT 0,
  `WasDeleted` tinyint(1) UNSIGNED NOT NULL DEFAULT 0,
  `WasDraft` tinyint(1) UNSIGNED NOT NULL DEFAULT 0,
  `AuthorID` int(11) NOT NULL DEFAULT 0,
  `PublisherID` int(11) NOT NULL DEFAULT 0,
  `ClassName` enum('SilverStripe\\CMS\\Model\\SiteTree','Page','ContactPage','HomePage','SilverStripe\\Muppetopia\\MuppetHolder','SilverStripe\\Muppetopia\\MuppetPage','SilverStripe\\ErrorPage\\ErrorPage','SilverStripe\\CMS\\Model\\RedirectorPage','SilverStripe\\CMS\\Model\\VirtualPage','MuppetHolder','MuppetPage') DEFAULT 'Page',
  `LastEdited` datetime DEFAULT NULL,
  `Created` datetime DEFAULT NULL,
  `CanViewType` enum('Anyone','LoggedInUsers','OnlyTheseUsers','Inherit') DEFAULT 'Inherit',
  `CanEditType` enum('LoggedInUsers','OnlyTheseUsers','Inherit') DEFAULT 'Inherit',
  `URLSegment` varchar(255) DEFAULT NULL,
  `Title` varchar(255) DEFAULT NULL,
  `MenuTitle` varchar(100) DEFAULT NULL,
  `Content` mediumtext DEFAULT NULL,
  `MetaDescription` mediumtext DEFAULT NULL,
  `ExtraMeta` mediumtext DEFAULT NULL,
  `ShowInMenus` tinyint(1) UNSIGNED NOT NULL DEFAULT 0,
  `ShowInSearch` tinyint(1) UNSIGNED NOT NULL DEFAULT 0,
  `Sort` int(11) NOT NULL DEFAULT 0,
  `HasBrokenFile` tinyint(1) UNSIGNED NOT NULL DEFAULT 0,
  `HasBrokenLink` tinyint(1) UNSIGNED NOT NULL DEFAULT 0,
  `ReportClass` varchar(255) DEFAULT NULL,
  `ParentID` int(11) NOT NULL DEFAULT 0
) ENGINE=InnoDB DEFAULT CHARSET=utf8;

--
-- Dumping data for table `SiteTree_Versions`
--

INSERT INTO `SiteTree_Versions` (`ID`, `RecordID`, `Version`, `WasPublished`, `WasDeleted`, `WasDraft`, `AuthorID`, `PublisherID`, `ClassName`, `LastEdited`, `Created`, `CanViewType`, `CanEditType`, `URLSegment`, `Title`, `MenuTitle`, `Content`, `MetaDescription`, `ExtraMeta`, `ShowInMenus`, `ShowInSearch`, `Sort`, `HasBrokenFile`, `HasBrokenLink`, `ReportClass`, `ParentID`) VALUES
(1, 1, 1, 0, 0, 1, 0, 0, 'Page', '2018-12-02 17:19:44', '2018-12-02 17:19:44', 'Inherit', 'Inherit', 'home', 'Home', NULL, '<p>Welcome to SilverStripe! This is the default homepage. You can edit this page by opening <a href=\"admin/\">the CMS</a>.</p><p>You can now access the <a href=\"http://docs.silverstripe.org\">developer documentation</a>, or begin the <a href=\"http://www.silverstripe.org/learn/lessons\">SilverStripe lessons</a>.</p>', NULL, NULL, 1, 1, 1, 0, 0, NULL, 0),
(2, 1, 2, 1, 0, 1, 0, 0, 'Page', '2018-12-02 17:19:44', '2018-12-02 17:19:44', 'Inherit', 'Inherit', 'home', 'Home', NULL, '<p>Welcome to SilverStripe! This is the default homepage. You can edit this page by opening <a href=\"admin/\">the CMS</a>.</p><p>You can now access the <a href=\"http://docs.silverstripe.org\">developer documentation</a>, or begin the <a href=\"http://www.silverstripe.org/learn/lessons\">SilverStripe lessons</a>.</p>', NULL, NULL, 1, 1, 1, 0, 0, NULL, 0),
(3, 2, 1, 0, 0, 1, 0, 0, 'Page', '2018-12-02 17:19:44', '2018-12-02 17:19:44', 'Inherit', 'Inherit', 'about-us', 'About Us', NULL, '<p>You can fill this page out with your own content, or delete it and create your own pages.</p>', NULL, NULL, 1, 1, 2, 0, 0, NULL, 0),
(4, 2, 2, 1, 0, 1, 0, 0, 'Page', '2018-12-02 17:19:44', '2018-12-02 17:19:44', 'Inherit', 'Inherit', 'about-us', 'About Us', NULL, '<p>You can fill this page out with your own content, or delete it and create your own pages.</p>', NULL, NULL, 1, 1, 2, 0, 0, NULL, 0),
(5, 3, 1, 0, 0, 1, 0, 0, 'Page', '2018-12-02 17:19:44', '2018-12-02 17:19:44', 'Inherit', 'Inherit', 'contact-us', 'Contact Us', NULL, '<p>You can fill this page out with your own content, or delete it and create your own pages.</p>', NULL, NULL, 1, 1, 3, 0, 0, NULL, 0),
(6, 3, 2, 1, 0, 1, 0, 0, 'Page', '2018-12-02 17:19:44', '2018-12-02 17:19:44', 'Inherit', 'Inherit', 'contact-us', 'Contact Us', NULL, '<p>You can fill this page out with your own content, or delete it and create your own pages.</p>', NULL, NULL, 1, 1, 3, 0, 0, NULL, 0),
(7, 4, 1, 0, 0, 1, 0, 0, 'SilverStripe\\ErrorPage\\ErrorPage', '2018-12-02 17:19:44', '2018-12-02 17:19:44', 'Inherit', 'Inherit', 'page-not-found', 'Page not found', NULL, '<p>Sorry, it seems you were trying to access a page that doesn\'t exist.</p><p>Please check the spelling of the URL you were trying to access and try again.</p>', NULL, NULL, 0, 0, 4, 0, 0, NULL, 0),
(8, 4, 2, 1, 0, 1, 0, 0, 'SilverStripe\\ErrorPage\\ErrorPage', '2018-12-02 17:19:44', '2018-12-02 17:19:44', 'Inherit', 'Inherit', 'page-not-found', 'Page not found', NULL, '<p>Sorry, it seems you were trying to access a page that doesn\'t exist.</p><p>Please check the spelling of the URL you were trying to access and try again.</p>', NULL, NULL, 0, 0, 4, 0, 0, NULL, 0),
(9, 5, 1, 0, 0, 1, 0, 0, 'SilverStripe\\ErrorPage\\ErrorPage', '2018-12-02 17:19:44', '2018-12-02 17:19:44', 'Inherit', 'Inherit', 'server-error', 'Server error', NULL, '<p>Sorry, there was a problem with handling your request.</p>', NULL, NULL, 0, 0, 5, 0, 0, NULL, 0),
(10, 5, 2, 1, 0, 1, 0, 0, 'SilverStripe\\ErrorPage\\ErrorPage', '2018-12-02 17:19:44', '2018-12-02 17:19:44', 'Inherit', 'Inherit', 'server-error', 'Server error', NULL, '<p>Sorry, there was a problem with handling your request.</p>', NULL, NULL, 0, 0, 5, 0, 0, NULL, 0),
(11, 6, 1, 0, 0, 1, 1, 0, 'Page', '2018-12-02 18:13:41', '2018-12-02 18:13:41', 'Inherit', 'Inherit', 'new-page', 'New Page', NULL, NULL, NULL, NULL, 1, 1, 6, 0, 0, NULL, 0),
(12, 6, 2, 0, 0, 1, 1, 0, 'Page', '2018-12-02 18:14:07', '2018-12-02 18:13:41', 'Inherit', 'Inherit', 'meet-the-muppets', 'Meet The Muppets', NULL, NULL, NULL, NULL, 1, 1, 6, 0, 0, NULL, 0),
(13, 6, 3, 1, 0, 1, 1, 1, 'Page', '2018-12-02 18:14:07', '2018-12-02 18:13:41', 'Inherit', 'Inherit', 'meet-the-muppets', 'Meet The Muppets', NULL, NULL, NULL, NULL, 1, 1, 6, 0, 0, NULL, 0),
(14, 6, 4, 0, 0, 1, 1, 0, 'Page', '2018-12-02 18:14:24', '2018-12-02 18:13:41', 'Inherit', 'Inherit', 'meet-the-muppets', 'Meet The Muppets', NULL, NULL, NULL, NULL, 1, 1, 3, 0, 0, NULL, 0),
(15, 6, 5, 1, 0, 1, 1, 1, 'Page', '2018-12-02 18:15:00', '2018-12-02 18:13:41', 'Inherit', 'Inherit', 'meet-the-muppets', 'Meet The Muppets', NULL, NULL, NULL, NULL, 1, 1, 3, 0, 0, NULL, 0),
(16, 2, 3, 1, 1, 1, 1, 1, 'Page', '2018-12-02 18:15:14', '2018-12-02 17:19:44', 'Inherit', 'Inherit', NULL, NULL, NULL, NULL, NULL, NULL, 0, 0, 0, 0, 0, NULL, 0),
(17, 6, 6, 0, 0, 1, 1, 0, 'SilverStripe\\Muppetopia\\MuppetHolder', '2018-12-02 20:56:47', '2018-12-02 18:13:41', 'Inherit', 'Inherit', 'meet-the-muppets', 'Meet The Muppets', NULL, NULL, NULL, NULL, 1, 1, 3, 0, 0, NULL, 0),
(18, 6, 7, 1, 0, 1, 1, 1, 'SilverStripe\\Muppetopia\\MuppetHolder', '2018-12-02 20:56:50', '2018-12-02 18:13:41', 'Inherit', 'Inherit', 'meet-the-muppets', 'Meet The Muppets', NULL, NULL, NULL, NULL, 1, 1, 3, 0, 0, NULL, 0),
(19, 7, 1, 0, 0, 1, 1, 0, 'SilverStripe\\Muppetopia\\MuppetPage', '2018-12-02 21:06:34', '2018-12-02 21:06:34', 'Inherit', 'Inherit', 'new-muppet-page', 'New Muppet Page', NULL, NULL, NULL, NULL, 1, 1, 7, 0, 0, NULL, 0),
(20, 8, 1, 0, 0, 1, 1, 0, 'SilverStripe\\Muppetopia\\MuppetPage', '2018-12-02 21:06:43', '2018-12-02 21:06:43', 'Inherit', 'Inherit', 'new-muppet-page', 'New Muppet Page', NULL, NULL, NULL, NULL, 1, 1, 1, 0, 0, NULL, 6),
(21, 9, 1, 0, 0, 1, 1, 0, 'SilverStripe\\Muppetopia\\MuppetPage', '2018-12-02 21:07:51', '2018-12-02 21:07:51', 'Inherit', 'Inherit', 'new-muppet-page-2', 'New Muppet Page', NULL, NULL, NULL, NULL, 1, 1, 2, 0, 0, NULL, 6),
(22, 7, 2, 1, 1, 1, 1, 1, 'SilverStripe\\CMS\\Model\\SiteTree', '2018-12-02 21:18:03', '2018-12-02 21:06:34', 'Inherit', 'Inherit', NULL, NULL, NULL, NULL, NULL, NULL, 0, 0, 0, 0, 0, NULL, 0),
(23, 8, 2, 0, 0, 1, 1, 0, 'SilverStripe\\CMS\\Model\\SiteTree', '2018-12-02 21:19:12', '2018-12-02 21:06:43', 'Inherit', 'Inherit', 'new-muppet-page', 'Kermit The Frog', NULL, '<p>Arguably&nbsp;Jim Henson\'s&nbsp;most famous Muppet creation, was the star and host of&nbsp;The Muppet Show, played a significant role on&nbsp;Sesame Street, and served as the logo of&nbsp;The Jim Henson Company. He continues to star in the&nbsp;Muppet movies&nbsp;and makes numerous&nbsp;TV appearances.</p>', NULL, NULL, 1, 1, 1, 0, 0, NULL, 6),
(24, 8, 3, 1, 0, 1, 1, 1, 'SilverStripe\\CMS\\Model\\SiteTree', '2018-12-02 21:19:12', '2018-12-02 21:06:43', 'Inherit', 'Inherit', 'new-muppet-page', 'Kermit The Frog', NULL, '<p>Arguably&nbsp;Jim Henson\'s&nbsp;most famous Muppet creation, was the star and host of&nbsp;The Muppet Show, played a significant role on&nbsp;Sesame Street, and served as the logo of&nbsp;The Jim Henson Company. He continues to star in the&nbsp;Muppet movies&nbsp;and makes numerous&nbsp;TV appearances.</p>', NULL, NULL, 1, 1, 1, 0, 0, NULL, 6),
(25, 8, 4, 0, 0, 1, 1, 0, 'MuppetPage', '2018-12-02 21:19:34', '2018-12-02 21:06:43', 'Inherit', 'Inherit', 'kermit-the-frog', 'Kermit The Frog', NULL, '<p>Arguably&nbsp;Jim Henson\'s&nbsp;most famous Muppet creation, was the star and host of&nbsp;The Muppet Show, played a significant role on&nbsp;Sesame Street, and served as the logo of&nbsp;The Jim Henson Company. He continues to star in the&nbsp;Muppet movies&nbsp;and makes numerous&nbsp;TV appearances.</p>', NULL, NULL, 1, 1, 1, 0, 0, NULL, 6),
(26, 8, 5, 1, 0, 1, 1, 1, 'MuppetPage', '2018-12-02 21:19:34', '2018-12-02 21:06:43', 'Inherit', 'Inherit', 'kermit-the-frog', 'Kermit The Frog', NULL, '<p>Arguably&nbsp;Jim Henson\'s&nbsp;most famous Muppet creation, was the star and host of&nbsp;The Muppet Show, played a significant role on&nbsp;Sesame Street, and served as the logo of&nbsp;The Jim Henson Company. He continues to star in the&nbsp;Muppet movies&nbsp;and makes numerous&nbsp;TV appearances.</p>', NULL, NULL, 1, 1, 1, 0, 0, NULL, 6),
(27, 6, 8, 0, 0, 1, 1, 0, 'MuppetHolder', '2018-12-02 21:20:26', '2018-12-02 18:13:41', 'Inherit', 'Inherit', 'meet-the-muppets', 'Meet The Muppets', NULL, NULL, NULL, NULL, 1, 1, 3, 0, 0, NULL, 0),
(28, 6, 9, 1, 0, 1, 1, 1, 'MuppetHolder', '2018-12-02 21:20:26', '2018-12-02 18:13:41', 'Inherit', 'Inherit', 'meet-the-muppets', 'Meet The Muppets', NULL, NULL, NULL, NULL, 1, 1, 3, 0, 0, NULL, 0),
(29, 8, 6, 0, 0, 1, 1, 0, 'SilverStripe\\Muppetopia\\MuppetPage', '2018-12-02 21:27:03', '2018-12-02 21:06:43', 'Inherit', 'Inherit', 'kermit-the-frog', 'Kermit The Frog', NULL, '<p>Arguably&nbsp;Jim Henson\'s&nbsp;most famous Muppet creation, was the star and host of&nbsp;The Muppet Show, played a significant role on&nbsp;Sesame Street, and served as the logo of&nbsp;The Jim Henson Company. He continues to star in the&nbsp;Muppet movies&nbsp;and makes numerous&nbsp;TV appearances.</p>', NULL, NULL, 1, 1, 1, 0, 0, NULL, 6),
(30, 8, 7, 1, 0, 1, 1, 1, 'SilverStripe\\Muppetopia\\MuppetPage', '2018-12-02 21:27:04', '2018-12-02 21:06:43', 'Inherit', 'Inherit', 'kermit-the-frog', 'Kermit The Frog', NULL, '<p>Arguably&nbsp;Jim Henson\'s&nbsp;most famous Muppet creation, was the star and host of&nbsp;The Muppet Show, played a significant role on&nbsp;Sesame Street, and served as the logo of&nbsp;The Jim Henson Company. He continues to star in the&nbsp;Muppet movies&nbsp;and makes numerous&nbsp;TV appearances.</p>', NULL, NULL, 1, 1, 1, 0, 0, NULL, 6),
(31, 6, 10, 0, 0, 1, 1, 0, 'SilverStripe\\Muppetopia\\MuppetHolder', '2018-12-02 21:27:14', '2018-12-02 18:13:41', 'Inherit', 'Inherit', 'meet-the-muppets', 'Meet The Muppets', NULL, NULL, NULL, NULL, 1, 1, 3, 0, 0, NULL, 0),
(32, 6, 11, 1, 0, 1, 1, 1, 'SilverStripe\\Muppetopia\\MuppetHolder', '2018-12-02 21:27:14', '2018-12-02 18:13:41', 'Inherit', 'Inherit', 'meet-the-muppets', 'Meet The Muppets', NULL, NULL, NULL, NULL, 1, 1, 3, 0, 0, NULL, 0),
(33, 8, 8, 0, 0, 1, 1, 0, 'SilverStripe\\Muppetopia\\MuppetPage', '2018-12-02 21:36:27', '2018-12-02 21:06:43', 'Inherit', 'Inherit', 'kermit-the-frog', 'Kermit The Frog', NULL, '<p>Arguably&nbsp;Jim Henson\'s&nbsp;most famous Muppet creation, was the star and host of&nbsp;The Muppet Show, played a significant role on&nbsp;Sesame Street, and served as the logo of&nbsp;The Jim Henson Company. He continues to star in the&nbsp;Muppet movies&nbsp;and makes numerous&nbsp;TV appearances.</p>', NULL, NULL, 1, 1, 1, 0, 0, NULL, 6),
(34, 8, 9, 1, 0, 1, 1, 1, 'SilverStripe\\Muppetopia\\MuppetPage', '2018-12-02 21:36:27', '2018-12-02 21:06:43', 'Inherit', 'Inherit', 'kermit-the-frog', 'Kermit The Frog', NULL, '<p>Arguably&nbsp;Jim Henson\'s&nbsp;most famous Muppet creation, was the star and host of&nbsp;The Muppet Show, played a significant role on&nbsp;Sesame Street, and served as the logo of&nbsp;The Jim Henson Company. He continues to star in the&nbsp;Muppet movies&nbsp;and makes numerous&nbsp;TV appearances.</p>', NULL, NULL, 1, 1, 1, 0, 0, NULL, 6),
(35, 8, 10, 0, 0, 1, 1, 0, 'SilverStripe\\Muppetopia\\MuppetPage', '2018-12-03 14:41:24', '2018-12-02 21:06:43', 'Inherit', 'Inherit', 'kermit-the-frog', 'Kermit The Frog', NULL, '<p>Arguably&nbsp;Jim Henson\'s&nbsp;most famous Muppet creation, was the star and host of&nbsp;The Muppet Show, played a significant role on&nbsp;Sesame Street, and served as the logo of&nbsp;The Jim Henson Company. He continues to star in the&nbsp;Muppet movies&nbsp;and makes numerous&nbsp;TV appearances.</p>', NULL, NULL, 1, 1, 1, 0, 0, NULL, 6),
(36, 8, 11, 1, 0, 1, 1, 1, 'SilverStripe\\Muppetopia\\MuppetPage', '2018-12-03 14:41:24', '2018-12-02 21:06:43', 'Inherit', 'Inherit', 'kermit-the-frog', 'Kermit The Frog', NULL, '<p>Arguably&nbsp;Jim Henson\'s&nbsp;most famous Muppet creation, was the star and host of&nbsp;The Muppet Show, played a significant role on&nbsp;Sesame Street, and served as the logo of&nbsp;The Jim Henson Company. He continues to star in the&nbsp;Muppet movies&nbsp;and makes numerous&nbsp;TV appearances.</p>', NULL, NULL, 1, 1, 1, 0, 0, NULL, 6),
(37, 8, 12, 0, 0, 1, 1, 0, 'SilverStripe\\Muppetopia\\MuppetPage', '2018-12-03 14:57:01', '2018-12-02 21:06:43', 'Inherit', 'Inherit', 'kermit-the-frog', 'Kermit The Frog', NULL, '<p>Arguably&nbsp;Jim Henson\'s&nbsp;most famous Muppet creation, was the star and host of&nbsp;The Muppet Show, played a significant role on&nbsp;Sesame Street, and served as the logo of&nbsp;The Jim Henson Company. He continues to star in the&nbsp;Muppet movies&nbsp;and makes numerous&nbsp;TV appearances.</p>', NULL, NULL, 1, 1, 1, 0, 0, NULL, 6),
(38, 8, 13, 1, 0, 1, 1, 1, 'SilverStripe\\Muppetopia\\MuppetPage', '2018-12-03 14:57:01', '2018-12-02 21:06:43', 'Inherit', 'Inherit', 'kermit-the-frog', 'Kermit The Frog', NULL, '<p>Arguably&nbsp;Jim Henson\'s&nbsp;most famous Muppet creation, was the star and host of&nbsp;The Muppet Show, played a significant role on&nbsp;Sesame Street, and served as the logo of&nbsp;The Jim Henson Company. He continues to star in the&nbsp;Muppet movies&nbsp;and makes numerous&nbsp;TV appearances.</p>', NULL, NULL, 1, 1, 1, 0, 0, NULL, 6),
(39, 8, 14, 0, 0, 1, 1, 0, 'SilverStripe\\Muppetopia\\MuppetPage', '2018-12-03 19:12:54', '2018-12-02 21:06:43', 'Inherit', 'Inherit', 'kermit-the-frog', 'Kermit The Frog', NULL, '<p>Arguably&nbsp;Jim Henson\'s&nbsp;most famous Muppet creation, was the star and host of&nbsp;The Muppet Show, played a significant role on&nbsp;Sesame Street, and served as the logo of&nbsp;The Jim Henson Company. He continues to star in the&nbsp;Muppet movies&nbsp;and makes numerous&nbsp;TV appearances.</p>', NULL, NULL, 1, 1, 1, 0, 0, NULL, 6),
(40, 8, 15, 1, 0, 1, 1, 1, 'SilverStripe\\Muppetopia\\MuppetPage', '2018-12-03 19:12:54', '2018-12-02 21:06:43', 'Inherit', 'Inherit', 'kermit-the-frog', 'Kermit The Frog', NULL, '<p>Arguably&nbsp;Jim Henson\'s&nbsp;most famous Muppet creation, was the star and host of&nbsp;The Muppet Show, played a significant role on&nbsp;Sesame Street, and served as the logo of&nbsp;The Jim Henson Company. He continues to star in the&nbsp;Muppet movies&nbsp;and makes numerous&nbsp;TV appearances.</p>', NULL, NULL, 1, 1, 1, 0, 0, NULL, 6),
(41, 9, 2, 0, 0, 1, 1, 0, 'SilverStripe\\Muppetopia\\MuppetPage', '2018-12-03 19:23:29', '2018-12-02 21:07:51', 'Inherit', 'Inherit', 'miss-piggy', 'Miss Piggy', NULL, '<p>Miss Piggy is one of the central characters on The Muppet Show. She is a force of nature who developed from a one-joke running gag into a complex, three-dimensional character.</p><p>Miss Piggy is a prima-donna pig who is absolutely convinced that she\'s destined for stardom, and nothing is going to stand in her way. Her public face is the soul of feminine charm, but she can instantly fly into a rage whenever she thinks she\'s insulted or thwarted. Kermit the Frog has learned this all too well; when she isn\'t smothering him in kisses, she\'s sending him flying through the air with a karate-chop.</p>', NULL, NULL, 1, 1, 2, 0, 0, NULL, 6),
(42, 9, 3, 1, 0, 1, 1, 1, 'SilverStripe\\Muppetopia\\MuppetPage', '2018-12-03 19:23:29', '2018-12-02 21:07:51', 'Inherit', 'Inherit', 'miss-piggy', 'Miss Piggy', NULL, '<p>Miss Piggy is one of the central characters on The Muppet Show. She is a force of nature who developed from a one-joke running gag into a complex, three-dimensional character.</p><p>Miss Piggy is a prima-donna pig who is absolutely convinced that she\'s destined for stardom, and nothing is going to stand in her way. Her public face is the soul of feminine charm, but she can instantly fly into a rage whenever she thinks she\'s insulted or thwarted. Kermit the Frog has learned this all too well; when she isn\'t smothering him in kisses, she\'s sending him flying through the air with a karate-chop.</p>', NULL, NULL, 1, 1, 2, 0, 0, NULL, 6),
(43, 10, 1, 0, 0, 1, 1, 0, 'SilverStripe\\Muppetopia\\MuppetPage', '2018-12-03 19:41:54', '2018-12-03 19:41:54', 'Inherit', 'Inherit', 'new-muppet-page', 'New Muppet Page', NULL, NULL, NULL, NULL, 1, 1, 3, 0, 0, NULL, 6),
(44, 10, 2, 0, 0, 1, 1, 0, 'SilverStripe\\Muppetopia\\MuppetPage', '2018-12-03 19:43:27', '2018-12-03 19:41:54', 'Inherit', 'Inherit', 'bert', 'Bert', NULL, '<p>Bert is Ernie\'s best friend and roommate on Sesame Street. The pair share the basement apartment at 123 Sesame Street. In contrast to the practical-joking, extroverted Ernie, Bert is serious, studious, and tries to make sense of his friend\'s actions. His own passions include reading Boring Stories, collecting paper clips and bottle caps (especially the rare Figgy Fizz), consuming oatmeal, and studying pigeons. While Ernie\'s best companion outside of Bert is Rubber Duckie, Bert has his pet pigeon, Bernice. True to his detail-oriented, organized mind, Bert is president of the National Association of W Lovers. Unfortunately for Bert, his nose has come off of his face on a number of occasions. He has a distinctive, bleating laugh.</p>', NULL, NULL, 1, 1, 3, 0, 0, NULL, 6),
(45, 10, 3, 1, 0, 1, 1, 1, 'SilverStripe\\Muppetopia\\MuppetPage', '2018-12-03 19:43:27', '2018-12-03 19:41:54', 'Inherit', 'Inherit', 'bert', 'Bert', NULL, '<p>Bert is Ernie\'s best friend and roommate on Sesame Street. The pair share the basement apartment at 123 Sesame Street. In contrast to the practical-joking, extroverted Ernie, Bert is serious, studious, and tries to make sense of his friend\'s actions. His own passions include reading Boring Stories, collecting paper clips and bottle caps (especially the rare Figgy Fizz), consuming oatmeal, and studying pigeons. While Ernie\'s best companion outside of Bert is Rubber Duckie, Bert has his pet pigeon, Bernice. True to his detail-oriented, organized mind, Bert is president of the National Association of W Lovers. Unfortunately for Bert, his nose has come off of his face on a number of occasions. He has a distinctive, bleating laugh.</p>', NULL, NULL, 1, 1, 3, 0, 0, NULL, 6),
(46, 11, 1, 0, 0, 1, 1, 0, 'SilverStripe\\Muppetopia\\MuppetPage', '2018-12-03 19:43:40', '2018-12-03 19:43:40', 'Inherit', 'Inherit', 'new-muppet-page', 'New Muppet Page', NULL, NULL, NULL, NULL, 1, 1, 4, 0, 0, NULL, 6),
(47, 11, 2, 0, 0, 1, 1, 0, 'SilverStripe\\Muppetopia\\MuppetPage', '2018-12-03 19:44:50', '2018-12-03 19:43:40', 'Inherit', 'Inherit', 'ernie', 'Ernie', NULL, '<p>Ernie has been one of the stars of Sesame Street since its first episode in 1969. Ernie and his best friend Bert share the basement apartment at 123 Sesame Street. Together they form a comic duo that is one of the program\'s centerpieces, with Ernie acting the role of the nave trouble-maker and Bert the world-weary foil.</p><p>Ernie is well known for his fondness for bubble baths with his Rubber Duckie, and for trying to learn to play the saxophone although he wouldn\'t \"put down the duckie.\" Ernie is also known for keeping Bert awake at night, for reasons such as wanting to play the drums, wanting to count something (like sheep), to observe something like a blackout, or even because he is waiting for his upstairs neighbor to drop his shoes.</p>', NULL, NULL, 1, 1, 4, 0, 0, NULL, 6),
(48, 11, 3, 1, 0, 1, 1, 1, 'SilverStripe\\Muppetopia\\MuppetPage', '2018-12-03 19:44:50', '2018-12-03 19:43:40', 'Inherit', 'Inherit', 'ernie', 'Ernie', NULL, '<p>Ernie has been one of the stars of Sesame Street since its first episode in 1969. Ernie and his best friend Bert share the basement apartment at 123 Sesame Street. Together they form a comic duo that is one of the program\'s centerpieces, with Ernie acting the role of the nave trouble-maker and Bert the world-weary foil.</p><p>Ernie is well known for his fondness for bubble baths with his Rubber Duckie, and for trying to learn to play the saxophone although he wouldn\'t \"put down the duckie.\" Ernie is also known for keeping Bert awake at night, for reasons such as wanting to play the drums, wanting to count something (like sheep), to observe something like a blackout, or even because he is waiting for his upstairs neighbor to drop his shoes.</p>', NULL, NULL, 1, 1, 4, 0, 0, NULL, 6),
(49, 10, 4, 0, 0, 1, 1, 0, 'SilverStripe\\Muppetopia\\MuppetPage', '2018-12-03 19:45:03', '2018-12-03 19:41:54', 'Inherit', 'Inherit', 'bert', 'Bert', NULL, '<p>Bert is Ernie\'s best friend and roommate on Sesame Street. The pair share the basement apartment at 123 Sesame Street. In contrast to the practical-joking, extroverted Ernie, Bert is serious, studious, and tries to make sense of his friend\'s actions. His own passions include reading Boring Stories, collecting paper clips and bottle caps (especially the rare Figgy Fizz), consuming oatmeal, and studying pigeons. While Ernie\'s best companion outside of Bert is Rubber Duckie, Bert has his pet pigeon, Bernice. True to his detail-oriented, organized mind, Bert is president of the National Association of W Lovers. Unfortunately for Bert, his nose has come off of his face on a number of occasions. He has a distinctive, bleating laugh.</p>', NULL, NULL, 1, 1, 3, 0, 0, NULL, 6),
(50, 10, 5, 1, 0, 1, 1, 1, 'SilverStripe\\Muppetopia\\MuppetPage', '2018-12-03 19:45:03', '2018-12-03 19:41:54', 'Inherit', 'Inherit', 'bert', 'Bert', NULL, '<p>Bert is Ernie\'s best friend and roommate on Sesame Street. The pair share the basement apartment at 123 Sesame Street. In contrast to the practical-joking, extroverted Ernie, Bert is serious, studious, and tries to make sense of his friend\'s actions. His own passions include reading Boring Stories, collecting paper clips and bottle caps (especially the rare Figgy Fizz), consuming oatmeal, and studying pigeons. While Ernie\'s best companion outside of Bert is Rubber Duckie, Bert has his pet pigeon, Bernice. True to his detail-oriented, organized mind, Bert is president of the National Association of W Lovers. Unfortunately for Bert, his nose has come off of his face on a number of occasions. He has a distinctive, bleating laugh.</p>', NULL, NULL, 1, 1, 3, 0, 0, NULL, 6),
(51, 11, 4, 0, 0, 1, 1, 0, 'SilverStripe\\Muppetopia\\MuppetPage', '2018-12-03 19:48:47', '2018-12-03 19:43:40', 'Inherit', 'Inherit', 'ernie', 'Ernie', NULL, '<p>Ernie has been one of the stars of Sesame Street since its first episode in 1969. Ernie and his best friend Bert share the basement apartment at 123 Sesame Street. Together they form a comic duo that is one of the program\'s centerpieces, with Ernie acting the role of the nave trouble-maker and Bert the world-weary foil.</p><p>Ernie is well known for his fondness for bubble baths with his Rubber Duckie, and for trying to learn to play the saxophone although he wouldn\'t \"put down the duckie.\" Ernie is also known for keeping Bert awake at night, for reasons such as wanting to play the drums, wanting to count something (like sheep), to observe something like a blackout, or even because he is waiting for his upstairs neighbor to drop his shoes.</p>', NULL, NULL, 1, 1, 4, 0, 0, NULL, 6),
(52, 11, 5, 1, 0, 1, 1, 1, 'SilverStripe\\Muppetopia\\MuppetPage', '2018-12-03 19:48:48', '2018-12-03 19:43:40', 'Inherit', 'Inherit', 'ernie', 'Ernie', NULL, '<p>Ernie has been one of the stars of Sesame Street since its first episode in 1969. Ernie and his best friend Bert share the basement apartment at 123 Sesame Street. Together they form a comic duo that is one of the program\'s centerpieces, with Ernie acting the role of the nave trouble-maker and Bert the world-weary foil.</p><p>Ernie is well known for his fondness for bubble baths with his Rubber Duckie, and for trying to learn to play the saxophone although he wouldn\'t \"put down the duckie.\" Ernie is also known for keeping Bert awake at night, for reasons such as wanting to play the drums, wanting to count something (like sheep), to observe something like a blackout, or even because he is waiting for his upstairs neighbor to drop his shoes.</p>', NULL, NULL, 1, 1, 4, 0, 0, NULL, 6),
(53, 12, 1, 0, 0, 1, 1, 0, 'SilverStripe\\Muppetopia\\MuppetPage', '2018-12-03 19:50:25', '2018-12-03 19:50:25', 'Inherit', 'Inherit', 'new-muppet-page', 'New Muppet Page', NULL, NULL, NULL, NULL, 1, 1, 5, 0, 0, NULL, 6),
(54, 12, 2, 0, 0, 1, 1, 0, 'SilverStripe\\Muppetopia\\MuppetPage', '2018-12-03 19:52:07', '2018-12-03 19:50:25', 'Inherit', 'Inherit', 'big-bird', 'Big Bird', NULL, '<p>Big Bird is an 8\'2\" yellow bird who lives on Sesame Street. Since Sesame Street premiered in 1969, Big Bird has entertained millions of pre-school children and their parents with his wide-eyed wondering at the world. Big Bird is also a bird who makes friends easily.</p><p>The world-famous bird has been a central character on Sesame Street for the program\'s run, debuting in the first episode. The big yellow bird can roller skate, ice skate, dance, sing, write poetry, draw and even ride a unicycle  pretty talented for a character described in the TV show\'s writer\'s guide as a 6-year-old. But despite this wide array of talents, he\'s prone to frequent misunderstandings, like thinking that the alphabet is one long word.</p>', NULL, NULL, 1, 1, 5, 0, 0, NULL, 6),
(55, 12, 3, 1, 0, 1, 1, 1, 'SilverStripe\\Muppetopia\\MuppetPage', '2018-12-03 19:52:07', '2018-12-03 19:50:25', 'Inherit', 'Inherit', 'big-bird', 'Big Bird', NULL, '<p>Big Bird is an 8\'2\" yellow bird who lives on Sesame Street. Since Sesame Street premiered in 1969, Big Bird has entertained millions of pre-school children and their parents with his wide-eyed wondering at the world. Big Bird is also a bird who makes friends easily.</p><p>The world-famous bird has been a central character on Sesame Street for the program\'s run, debuting in the first episode. The big yellow bird can roller skate, ice skate, dance, sing, write poetry, draw and even ride a unicycle  pretty talented for a character described in the TV show\'s writer\'s guide as a 6-year-old. But despite this wide array of talents, he\'s prone to frequent misunderstandings, like thinking that the alphabet is one long word.</p>', NULL, NULL, 1, 1, 5, 0, 0, NULL, 6),
(56, 13, 1, 0, 0, 1, 1, 0, 'SilverStripe\\Muppetopia\\MuppetPage', '2018-12-03 19:57:53', '2018-12-03 19:57:53', 'Inherit', 'Inherit', 'new-muppet-page', 'New Muppet Page', NULL, NULL, NULL, NULL, 1, 1, 6, 0, 0, NULL, 6),
(57, 13, 2, 0, 0, 1, 1, 0, 'SilverStripe\\Muppetopia\\MuppetPage', '2018-12-03 19:58:50', '2018-12-03 19:57:53', 'Inherit', 'Inherit', 'beaker', 'Beaker', NULL, '<p>Beaker is the hapless assistant to Dr. Bunsen Honeydew. He is a Live-Hand Muppet who made his first appearance in Muppet Labs sketches during the second season of The Muppet Show. Kermit the Frog describes Beaker by saying \"If somebody has to get hurt, it\'s almost always Beaker.\"</p>', NULL, NULL, 1, 1, 6, 0, 0, NULL, 6),
(58, 13, 3, 1, 0, 1, 1, 1, 'SilverStripe\\Muppetopia\\MuppetPage', '2018-12-03 19:58:50', '2018-12-03 19:57:53', 'Inherit', 'Inherit', 'beaker', 'Beaker', NULL, '<p>Beaker is the hapless assistant to Dr. Bunsen Honeydew. He is a Live-Hand Muppet who made his first appearance in Muppet Labs sketches during the second season of The Muppet Show. Kermit the Frog describes Beaker by saying \"If somebody has to get hurt, it\'s almost always Beaker.\"</p>', NULL, NULL, 1, 1, 6, 0, 0, NULL, 6),
(59, 14, 1, 0, 0, 1, 1, 0, 'SilverStripe\\Muppetopia\\MuppetPage', '2018-12-03 19:58:59', '2018-12-03 19:58:59', 'Inherit', 'Inherit', 'new-muppet-page', 'New Muppet Page', NULL, NULL, NULL, NULL, 1, 1, 7, 0, 0, NULL, 6),
(60, 14, 2, 0, 0, 1, 1, 0, 'SilverStripe\\Muppetopia\\MuppetPage', '2018-12-03 20:00:29', '2018-12-03 19:58:59', 'Inherit', 'Inherit', 'dr-bunsen-honeydew', 'Dr. Bunsen Honeydew', NULL, '<p>Dr. Bunsen Honeydew is the resident scientist on The Muppet Show, and the host of the Muppet Labs sketches. In season one of The Muppet Show he worked alone, but in season two, his assistant Beaker was added to the show. Bunsen is always eager to show off his latest scientific discovery, but his excitement about progress tends to render him short-sighted. Beaker usually ends up being harmed by Dr. Honeydew\'s inventions. Bunsen Honeydew\'s name comes from the scientific instrument called the Bunsen burner, and the shape of his head, which looks like a honeydew melon.</p><p>Bunsen\'s inventions have included a gorilla detector, exploding clothes, edible paper clips, a banana sharpener, hair-growing tonic, and a machine that can turn gold into cottage cheese.</p>', NULL, NULL, 1, 1, 7, 0, 0, NULL, 6),
(61, 14, 3, 1, 0, 1, 1, 1, 'SilverStripe\\Muppetopia\\MuppetPage', '2018-12-03 20:00:29', '2018-12-03 19:58:59', 'Inherit', 'Inherit', 'dr-bunsen-honeydew', 'Dr. Bunsen Honeydew', NULL, '<p>Dr. Bunsen Honeydew is the resident scientist on The Muppet Show, and the host of the Muppet Labs sketches. In season one of The Muppet Show he worked alone, but in season two, his assistant Beaker was added to the show. Bunsen is always eager to show off his latest scientific discovery, but his excitement about progress tends to render him short-sighted. Beaker usually ends up being harmed by Dr. Honeydew\'s inventions. Bunsen Honeydew\'s name comes from the scientific instrument called the Bunsen burner, and the shape of his head, which looks like a honeydew melon.</p><p>Bunsen\'s inventions have included a gorilla detector, exploding clothes, edible paper clips, a banana sharpener, hair-growing tonic, and a machine that can turn gold into cottage cheese.</p>', NULL, NULL, 1, 1, 7, 0, 0, NULL, 6),
(62, 8, 16, 0, 0, 1, 1, 0, 'SilverStripe\\Muppetopia\\MuppetPage', '2018-12-03 20:00:40', '2018-12-02 21:06:43', 'Inherit', 'Inherit', 'kermit-the-frog', 'Kermit The Frog', NULL, '<p>Arguably&nbsp;Jim Henson\'s&nbsp;most famous Muppet creation, was the star and host of&nbsp;The Muppet Show, played a significant role on&nbsp;Sesame Street, and served as the logo of&nbsp;The Jim Henson Company. He continues to star in the&nbsp;Muppet movies&nbsp;and makes numerous&nbsp;TV appearances.</p>', NULL, NULL, 1, 1, 1, 0, 0, NULL, 6),
(63, 8, 17, 1, 0, 1, 1, 1, 'SilverStripe\\Muppetopia\\MuppetPage', '2018-12-03 20:00:40', '2018-12-02 21:06:43', 'Inherit', 'Inherit', 'kermit-the-frog', 'Kermit The Frog', NULL, '<p>Arguably&nbsp;Jim Henson\'s&nbsp;most famous Muppet creation, was the star and host of&nbsp;The Muppet Show, played a significant role on&nbsp;Sesame Street, and served as the logo of&nbsp;The Jim Henson Company. He continues to star in the&nbsp;Muppet movies&nbsp;and makes numerous&nbsp;TV appearances.</p>', NULL, NULL, 1, 1, 1, 0, 0, NULL, 6),
(64, 14, 4, 0, 0, 1, 1, 0, 'SilverStripe\\Muppetopia\\MuppetPage', '2018-12-03 20:02:38', '2018-12-03 19:58:59', 'Inherit', 'Inherit', 'dr-bunsen-honeydew', 'Dr. Bunsen Honeydew', NULL, '<p>Dr. Bunsen Honeydew is the resident scientist on The Muppet Show, and the host of the Muppet Labs sketches. In season one of The Muppet Show he worked alone, but in season two, his assistant Beaker was added to the show. Bunsen is always eager to show off his latest scientific discovery, but his excitement about progress tends to render him short-sighted. Beaker usually ends up being harmed by Dr. Honeydew\'s inventions. Bunsen Honeydew\'s name comes from the scientific instrument called the Bunsen burner, and the shape of his head, which looks like a honeydew melon.</p><p>Bunsen\'s inventions have included a gorilla detector, exploding clothes, edible paper clips, a banana sharpener, hair-growing tonic, and a machine that can turn gold into cottage cheese.</p>', NULL, NULL, 1, 1, 7, 0, 0, NULL, 6),
(65, 14, 5, 1, 0, 1, 1, 1, 'SilverStripe\\Muppetopia\\MuppetPage', '2018-12-03 20:02:38', '2018-12-03 19:58:59', 'Inherit', 'Inherit', 'dr-bunsen-honeydew', 'Dr. Bunsen Honeydew', NULL, '<p>Dr. Bunsen Honeydew is the resident scientist on The Muppet Show, and the host of the Muppet Labs sketches. In season one of The Muppet Show he worked alone, but in season two, his assistant Beaker was added to the show. Bunsen is always eager to show off his latest scientific discovery, but his excitement about progress tends to render him short-sighted. Beaker usually ends up being harmed by Dr. Honeydew\'s inventions. Bunsen Honeydew\'s name comes from the scientific instrument called the Bunsen burner, and the shape of his head, which looks like a honeydew melon.</p><p>Bunsen\'s inventions have included a gorilla detector, exploding clothes, edible paper clips, a banana sharpener, hair-growing tonic, and a machine that can turn gold into cottage cheese.</p>', NULL, NULL, 1, 1, 7, 0, 0, NULL, 6),
(66, 14, 6, 0, 0, 1, 1, 0, 'SilverStripe\\Muppetopia\\MuppetPage', '2018-12-03 20:03:12', '2018-12-03 19:58:59', 'Inherit', 'Inherit', 'dr-bunsen-honeydew', 'Dr. Bunsen Honeydew', NULL, '<p>Dr. Bunsen Honeydew is the resident scientist on The Muppet Show, and the host of the Muppet Labs sketches. In season one of The Muppet Show he worked alone, but in season two, his assistant Beaker was added to the show. Bunsen is always eager to show off his latest scientific discovery, but his excitement about progress tends to render him short-sighted. Beaker usually ends up being harmed by Dr. Honeydew\'s inventions. Bunsen Honeydew\'s name comes from the scientific instrument called the Bunsen burner, and the shape of his head, which looks like a honeydew melon.</p><p>Bunsen\'s inventions have included a gorilla detector, exploding clothes, edible paper clips, a banana sharpener, hair-growing tonic, and a machine that can turn gold into cottage cheese.</p>', NULL, NULL, 1, 1, 7, 0, 0, NULL, 6),
(67, 14, 7, 1, 0, 1, 1, 1, 'SilverStripe\\Muppetopia\\MuppetPage', '2018-12-03 20:03:12', '2018-12-03 19:58:59', 'Inherit', 'Inherit', 'dr-bunsen-honeydew', 'Dr. Bunsen Honeydew', NULL, '<p>Dr. Bunsen Honeydew is the resident scientist on The Muppet Show, and the host of the Muppet Labs sketches. In season one of The Muppet Show he worked alone, but in season two, his assistant Beaker was added to the show. Bunsen is always eager to show off his latest scientific discovery, but his excitement about progress tends to render him short-sighted. Beaker usually ends up being harmed by Dr. Honeydew\'s inventions. Bunsen Honeydew\'s name comes from the scientific instrument called the Bunsen burner, and the shape of his head, which looks like a honeydew melon.</p><p>Bunsen\'s inventions have included a gorilla detector, exploding clothes, edible paper clips, a banana sharpener, hair-growing tonic, and a machine that can turn gold into cottage cheese.</p>', NULL, NULL, 1, 1, 7, 0, 0, NULL, 6),
(68, 15, 1, 0, 0, 1, 1, 0, 'SilverStripe\\Muppetopia\\MuppetPage', '2018-12-03 20:06:49', '2018-12-03 20:06:49', 'Inherit', 'Inherit', 'new-muppet-page', 'New Muppet Page', NULL, NULL, NULL, NULL, 1, 1, 8, 0, 0, NULL, 6),
(69, 15, 2, 0, 0, 1, 1, 0, 'SilverStripe\\Muppetopia\\MuppetPage', '2018-12-03 20:07:53', '2018-12-03 20:06:49', 'Inherit', 'Inherit', 'mahna-mahna', 'Mahna Mahna', NULL, '<p>Mahna Mahna is a purple Muppet with wild, orange hair and a furry, green tunic who is most famous for performing the nonsense song \"Mahna Mahna\" with the Snowths. His vocabulary is essentially limited to saying his own name and scatting.</p><p>Mahna Mahna made his debut on The Ed Sullivan Show in 1969, where he sang \"Mahna Mahna\" for the first time. In a later appearance on the variety show, he played a drummer filling in for a violinist in a string quartet performing Beethoven\'s \"Minuet in G Major.\" The scripts for that appearance refer to him as \"Harry\".</p>', NULL, NULL, 1, 1, 8, 0, 0, NULL, 6),
(70, 15, 3, 1, 0, 1, 1, 1, 'SilverStripe\\Muppetopia\\MuppetPage', '2018-12-03 20:07:54', '2018-12-03 20:06:49', 'Inherit', 'Inherit', 'mahna-mahna', 'Mahna Mahna', NULL, '<p>Mahna Mahna is a purple Muppet with wild, orange hair and a furry, green tunic who is most famous for performing the nonsense song \"Mahna Mahna\" with the Snowths. His vocabulary is essentially limited to saying his own name and scatting.</p><p>Mahna Mahna made his debut on The Ed Sullivan Show in 1969, where he sang \"Mahna Mahna\" for the first time. In a later appearance on the variety show, he played a drummer filling in for a violinist in a string quartet performing Beethoven\'s \"Minuet in G Major.\" The scripts for that appearance refer to him as \"Harry\".</p>', NULL, NULL, 1, 1, 8, 0, 0, NULL, 6),
(71, 16, 1, 0, 0, 1, 1, 0, 'SilverStripe\\Muppetopia\\MuppetPage', '2018-12-03 20:08:56', '2018-12-03 20:08:56', 'Inherit', 'Inherit', 'new-muppet-page', 'New Muppet Page', NULL, NULL, NULL, NULL, 1, 1, 9, 0, 0, NULL, 6),
(72, 16, 2, 0, 0, 1, 1, 0, 'SilverStripe\\Muppetopia\\MuppetPage', '2018-12-03 20:10:13', '2018-12-03 20:08:56', 'Inherit', 'Inherit', 'sam-the-eagle', 'Sam the Eagle', NULL, '<p>Sam the Eagle is an American eagle who feels his species and role as national symbol have placed certain responsibilities upon his shoulders. He has taken it upon himself to promote and protect wholesome American morals and values, and he works behind the scenes of The Muppet Show as self-appointed censor and advocate of cultural, educational acts such as Wayne and Wanda.</p><p>Sam is appalled by the nonsense that passes for entertainment on the series and does his best to keep things in check, even though his pleas for an end to madness are usually ignored. As noted in the first issue of The Muppet Show Fan Club newsletter, Sam\'s overpowering burden is to act as the \"moral center\" of The Muppet Show. He would, in fact, like to concern himself with the morals of the entire world, but \"regrets that it takes all his time and energy just to keep up with The Muppet Show.\"</p>', NULL, NULL, 1, 1, 9, 0, 0, NULL, 6),
(73, 16, 3, 1, 0, 1, 1, 1, 'SilverStripe\\Muppetopia\\MuppetPage', '2018-12-03 20:10:13', '2018-12-03 20:08:56', 'Inherit', 'Inherit', 'sam-the-eagle', 'Sam the Eagle', NULL, '<p>Sam the Eagle is an American eagle who feels his species and role as national symbol have placed certain responsibilities upon his shoulders. He has taken it upon himself to promote and protect wholesome American morals and values, and he works behind the scenes of The Muppet Show as self-appointed censor and advocate of cultural, educational acts such as Wayne and Wanda.</p><p>Sam is appalled by the nonsense that passes for entertainment on the series and does his best to keep things in check, even though his pleas for an end to madness are usually ignored. As noted in the first issue of The Muppet Show Fan Club newsletter, Sam\'s overpowering burden is to act as the \"moral center\" of The Muppet Show. He would, in fact, like to concern himself with the morals of the entire world, but \"regrets that it takes all his time and energy just to keep up with The Muppet Show.\"</p>', NULL, NULL, 1, 1, 9, 0, 0, NULL, 6),
(74, 17, 1, 0, 0, 1, 1, 0, 'SilverStripe\\Muppetopia\\MuppetPage', '2018-12-03 20:11:32', '2018-12-03 20:11:32', 'Inherit', 'Inherit', 'new-muppet-page', 'New Muppet Page', NULL, NULL, NULL, NULL, 1, 1, 10, 0, 0, NULL, 6),
(75, 17, 2, 0, 0, 1, 1, 0, 'SilverStripe\\Muppetopia\\MuppetPage', '2018-12-03 20:12:19', '2018-12-03 20:11:32', 'Inherit', 'Inherit', 'grover', 'Grover', NULL, '<p>Grover is a Sesame Street character who describes himself as a \"cute, furry little monster\". Grover rarely uses contractions when speaking, giving him a distinctive vocal pattern, in comparison to many other television characters. His character is multi-talented, taking on many different roles and professions throughout the series\' run. He loves to help people, but is extremely bad at it.</p><p>Grover appears in several recurring Sesame Street segments, including Waiter Grover; Super Grover; and Global Grover. He also frequently appears in Monsterpiece Theater and the Spanish Word of the Day segments. He was one of the hosts of Play with Me Sesame, with his main roles being in interactive music sequences, as the self-proclaimed \"moving and grooving monster\".</p>', NULL, NULL, 1, 1, 10, 0, 0, NULL, 6),
(76, 17, 3, 1, 0, 1, 1, 1, 'SilverStripe\\Muppetopia\\MuppetPage', '2018-12-03 20:12:19', '2018-12-03 20:11:32', 'Inherit', 'Inherit', 'grover', 'Grover', NULL, '<p>Grover is a Sesame Street character who describes himself as a \"cute, furry little monster\". Grover rarely uses contractions when speaking, giving him a distinctive vocal pattern, in comparison to many other television characters. His character is multi-talented, taking on many different roles and professions throughout the series\' run. He loves to help people, but is extremely bad at it.</p><p>Grover appears in several recurring Sesame Street segments, including Waiter Grover; Super Grover; and Global Grover. He also frequently appears in Monsterpiece Theater and the Spanish Word of the Day segments. He was one of the hosts of Play with Me Sesame, with his main roles being in interactive music sequences, as the self-proclaimed \"moving and grooving monster\".</p>', NULL, NULL, 1, 1, 10, 0, 0, NULL, 6),
(77, 18, 1, 0, 0, 1, 1, 0, 'SilverStripe\\Muppetopia\\MuppetPage', '2018-12-03 20:12:47', '2018-12-03 20:12:47', 'Inherit', 'Inherit', 'new-muppet-page', 'New Muppet Page', NULL, NULL, NULL, NULL, 1, 1, 11, 0, 0, NULL, 6),
(78, 18, 2, 0, 0, 1, 1, 0, 'SilverStripe\\Muppetopia\\MuppetPage', '2018-12-03 20:15:13', '2018-12-03 20:12:47', 'Inherit', 'Inherit', 'elmo', 'Elmo', NULL, '<p>Elmo is a furry red Muppet monster with an orange nose who lives on Sesame Street. He is self-described as three-and-a-half years old, and almost always refers to himself in the third person. The character\'s popularity led to his own segments on Sesame Street including \"Elmo\'s World\" and \"Elmo the Musical\".</p>', NULL, NULL, 1, 1, 11, 0, 0, NULL, 6),
(79, 18, 3, 1, 0, 1, 1, 1, 'SilverStripe\\Muppetopia\\MuppetPage', '2018-12-03 20:15:13', '2018-12-03 20:12:47', 'Inherit', 'Inherit', 'elmo', 'Elmo', NULL, '<p>Elmo is a furry red Muppet monster with an orange nose who lives on Sesame Street. He is self-described as three-and-a-half years old, and almost always refers to himself in the third person. The character\'s popularity led to his own segments on Sesame Street including \"Elmo\'s World\" and \"Elmo the Musical\".</p>', NULL, NULL, 1, 1, 11, 0, 0, NULL, 6),
(80, 19, 1, 0, 0, 1, 1, 0, 'SilverStripe\\Muppetopia\\MuppetPage', '2018-12-03 20:45:16', '2018-12-03 20:45:16', 'Inherit', 'Inherit', 'new-muppet-page', 'New Muppet Page', NULL, NULL, NULL, NULL, 1, 1, 12, 0, 0, NULL, 6),
(81, 19, 2, 0, 0, 1, 1, 0, 'SilverStripe\\Muppetopia\\MuppetPage', '2018-12-03 20:46:36', '2018-12-03 20:45:16', 'Inherit', 'Inherit', 'cookie-monster', 'Cookie Monster', NULL, '<p>Cookie Monster is a voracious monster and one of the main characters on Sesame Street. Covered with blue fur and possessing a pair of googly eyes, Cookie Monster has an insatiable appetite. As his name implies, his primary craving is cookies, but he can (and often does) consume anything and everything, from apples and pie to letters, flatware, and hubcaps. When Cookie Monster eats something, he makes a very distinct, loud munching \"noise\", often interpreted as \"OMM-nom-nom-nom...\"</p><p>Cookie Monster has a deep, growly voice, and generally speaks with simplistic diction, saying everything with \"me\" - for instance, \"Me want cookie!\", as opposed to \"I want a cookie!\" (though in early seasons, Cookie spoke the other way around, and only occasionally would \"me\" slip in). Cookie occasionally displays an unexpectedly complex vocabulary, however, and is at his most gentrified when in his Alistair Cookie persona, hosting Monsterpiece Theater.</p>', NULL, NULL, 1, 1, 12, 0, 0, NULL, 6),
(82, 19, 3, 1, 0, 1, 1, 1, 'SilverStripe\\Muppetopia\\MuppetPage', '2018-12-03 20:46:36', '2018-12-03 20:45:16', 'Inherit', 'Inherit', 'cookie-monster', 'Cookie Monster', NULL, '<p>Cookie Monster is a voracious monster and one of the main characters on Sesame Street. Covered with blue fur and possessing a pair of googly eyes, Cookie Monster has an insatiable appetite. As his name implies, his primary craving is cookies, but he can (and often does) consume anything and everything, from apples and pie to letters, flatware, and hubcaps. When Cookie Monster eats something, he makes a very distinct, loud munching \"noise\", often interpreted as \"OMM-nom-nom-nom...\"</p><p>Cookie Monster has a deep, growly voice, and generally speaks with simplistic diction, saying everything with \"me\" - for instance, \"Me want cookie!\", as opposed to \"I want a cookie!\" (though in early seasons, Cookie spoke the other way around, and only occasionally would \"me\" slip in). Cookie occasionally displays an unexpectedly complex vocabulary, however, and is at his most gentrified when in his Alistair Cookie persona, hosting Monsterpiece Theater.</p>', NULL, NULL, 1, 1, 12, 0, 0, NULL, 6),
(83, 19, 4, 0, 0, 1, 1, 0, 'SilverStripe\\Muppetopia\\MuppetPage', '2018-12-03 20:49:27', '2018-12-03 20:45:16', 'Inherit', 'Inherit', 'cookie-monster', 'Cookie Monster', NULL, '<p>Cookie Monster is a voracious monster and one of the main characters on Sesame Street. Covered with blue fur and possessing a pair of googly eyes, Cookie Monster has an insatiable appetite. As his name implies, his primary craving is cookies, but he can (and often does) consume anything and everything, from apples and pie to letters, flatware, and hubcaps. When Cookie Monster eats something, he makes a very distinct, loud munching \"noise\", often interpreted as \"OMM-nom-nom-nom...\"</p><p>Cookie Monster has a deep, growly voice, and generally speaks with simplistic diction, saying everything with \"me\" - for instance, \"Me want cookie!\", as opposed to \"I want a cookie!\" (though in early seasons, Cookie spoke the other way around, and only occasionally would \"me\" slip in). Cookie occasionally displays an unexpectedly complex vocabulary, however, and is at his most gentrified when in his Alistair Cookie persona, hosting Monsterpiece Theater.</p>', NULL, NULL, 1, 1, 12, 0, 0, NULL, 6),
(84, 19, 5, 1, 0, 1, 1, 1, 'SilverStripe\\Muppetopia\\MuppetPage', '2018-12-03 20:49:27', '2018-12-03 20:45:16', 'Inherit', 'Inherit', 'cookie-monster', 'Cookie Monster', NULL, '<p>Cookie Monster is a voracious monster and one of the main characters on Sesame Street. Covered with blue fur and possessing a pair of googly eyes, Cookie Monster has an insatiable appetite. As his name implies, his primary craving is cookies, but he can (and often does) consume anything and everything, from apples and pie to letters, flatware, and hubcaps. When Cookie Monster eats something, he makes a very distinct, loud munching \"noise\", often interpreted as \"OMM-nom-nom-nom...\"</p><p>Cookie Monster has a deep, growly voice, and generally speaks with simplistic diction, saying everything with \"me\" - for instance, \"Me want cookie!\", as opposed to \"I want a cookie!\" (though in early seasons, Cookie spoke the other way around, and only occasionally would \"me\" slip in). Cookie occasionally displays an unexpectedly complex vocabulary, however, and is at his most gentrified when in his Alistair Cookie persona, hosting Monsterpiece Theater.</p>', NULL, NULL, 1, 1, 12, 0, 0, NULL, 6),
(85, 1, 3, 0, 0, 1, 1, 0, 'Page', '2018-12-03 22:06:33', '2018-12-02 17:19:44', 'Inherit', 'Inherit', 'home', 'Home', NULL, '<p>Welcome to Muppetopia</p>', NULL, NULL, 1, 1, 1, 0, 0, NULL, 0),
(86, 1, 4, 1, 0, 1, 1, 1, 'Page', '2018-12-03 22:06:33', '2018-12-02 17:19:44', 'Inherit', 'Inherit', 'home', 'Home', NULL, '<p>Welcome to Muppetopia</p>', NULL, NULL, 1, 1, 1, 0, 0, NULL, 0),
(87, 1, 5, 0, 0, 1, 1, 0, 'HomePage', '2018-12-03 22:10:53', '2018-12-02 17:19:44', 'Inherit', 'Inherit', 'home', 'Home', NULL, '<p>Welcome to Muppetopia</p>', NULL, NULL, 1, 1, 1, 0, 0, NULL, 0),
(88, 1, 6, 1, 0, 1, 1, 1, 'HomePage', '2018-12-03 22:10:53', '2018-12-02 17:19:44', 'Inherit', 'Inherit', 'home', 'Home', NULL, '<p>Welcome to Muppetopia</p>', NULL, NULL, 1, 1, 1, 0, 0, NULL, 0),
(89, 13, 4, 0, 0, 1, 1, 0, 'SilverStripe\\Muppetopia\\MuppetPage', '2018-12-04 16:20:02', '2018-12-03 19:57:53', 'Inherit', 'Inherit', 'beaker', 'Beaker', NULL, '<p>Beaker is the hapless assistant to Dr. Bunsen Honeydew. He is a Live-Hand Muppet who made his first appearance in Muppet Labs sketches during the second season of The Muppet Show. Kermit the Frog describes Beaker by saying \"If somebody has to get hurt, it\'s almost always Beaker.\"</p>', NULL, NULL, 1, 1, 6, 0, 0, NULL, 6),
(90, 13, 5, 1, 0, 1, 1, 1, 'SilverStripe\\Muppetopia\\MuppetPage', '2018-12-04 16:20:02', '2018-12-03 19:57:53', 'Inherit', 'Inherit', 'beaker', 'Beaker', NULL, '<p>Beaker is the hapless assistant to Dr. Bunsen Honeydew. He is a Live-Hand Muppet who made his first appearance in Muppet Labs sketches during the second season of The Muppet Show. Kermit the Frog describes Beaker by saying \"If somebody has to get hurt, it\'s almost always Beaker.\"</p>', NULL, NULL, 1, 1, 6, 0, 0, NULL, 6),
(91, 12, 4, 0, 0, 1, 1, 0, 'SilverStripe\\Muppetopia\\MuppetPage', '2018-12-04 16:20:19', '2018-12-03 19:50:25', 'Inherit', 'Inherit', 'big-bird', 'Big Bird', NULL, '<p>Big Bird is an 8\'2\" yellow bird who lives on Sesame Street. Since Sesame Street premiered in 1969, Big Bird has entertained millions of pre-school children and their parents with his wide-eyed wondering at the world. Big Bird is also a bird who makes friends easily.</p><p>The world-famous bird has been a central character on Sesame Street for the program\'s run, debuting in the first episode. The big yellow bird can roller skate, ice skate, dance, sing, write poetry, draw and even ride a unicycle  pretty talented for a character described in the TV show\'s writer\'s guide as a 6-year-old. But despite this wide array of talents, he\'s prone to frequent misunderstandings, like thinking that the alphabet is one long word.</p>', NULL, NULL, 1, 1, 5, 0, 0, NULL, 6);
INSERT INTO `SiteTree_Versions` (`ID`, `RecordID`, `Version`, `WasPublished`, `WasDeleted`, `WasDraft`, `AuthorID`, `PublisherID`, `ClassName`, `LastEdited`, `Created`, `CanViewType`, `CanEditType`, `URLSegment`, `Title`, `MenuTitle`, `Content`, `MetaDescription`, `ExtraMeta`, `ShowInMenus`, `ShowInSearch`, `Sort`, `HasBrokenFile`, `HasBrokenLink`, `ReportClass`, `ParentID`) VALUES
(92, 12, 5, 1, 0, 1, 1, 1, 'SilverStripe\\Muppetopia\\MuppetPage', '2018-12-04 16:20:19', '2018-12-03 19:50:25', 'Inherit', 'Inherit', 'big-bird', 'Big Bird', NULL, '<p>Big Bird is an 8\'2\" yellow bird who lives on Sesame Street. Since Sesame Street premiered in 1969, Big Bird has entertained millions of pre-school children and their parents with his wide-eyed wondering at the world. Big Bird is also a bird who makes friends easily.</p><p>The world-famous bird has been a central character on Sesame Street for the program\'s run, debuting in the first episode. The big yellow bird can roller skate, ice skate, dance, sing, write poetry, draw and even ride a unicycle  pretty talented for a character described in the TV show\'s writer\'s guide as a 6-year-old. But despite this wide array of talents, he\'s prone to frequent misunderstandings, like thinking that the alphabet is one long word.</p>', NULL, NULL, 1, 1, 5, 0, 0, NULL, 6),
(93, 1, 7, 0, 0, 1, 1, 0, 'HomePage', '2018-12-04 16:24:18', '2018-12-02 17:19:44', 'Inherit', 'Inherit', 'home', 'Home', NULL, '<h1>Welcome to Muppetopia</h1><p>The Muppets are an ensemble cast of puppet characters known for their self-aware, burlesque, and meta-referential style of variety-sketch comedy. Created by Jim and Jane Henson in 1955, they are the namesake for the Disney media franchise that encompasses television, music, film, and other media associated with the characters.</p>', NULL, NULL, 1, 1, 1, 0, 0, NULL, 0),
(94, 1, 8, 1, 0, 1, 1, 1, 'HomePage', '2018-12-04 16:24:18', '2018-12-02 17:19:44', 'Inherit', 'Inherit', 'home', 'Home', NULL, '<h1>Welcome to Muppetopia</h1><p>The Muppets are an ensemble cast of puppet characters known for their self-aware, burlesque, and meta-referential style of variety-sketch comedy. Created by Jim and Jane Henson in 1955, they are the namesake for the Disney media franchise that encompasses television, music, film, and other media associated with the characters.</p>', NULL, NULL, 1, 1, 1, 0, 0, NULL, 0),
(95, 1, 9, 0, 0, 1, 1, 0, 'HomePage', '2018-12-04 16:25:19', '2018-12-02 17:19:44', 'Inherit', 'Inherit', 'home', 'Home', NULL, '<h1>Welcome to Muppetopia</h1><p>The Muppets are an ensemble cast of puppet characters known for their self-aware, burlesque, and meta-referential style of variety-sketch comedy. Created by Jim and Jane Henson in 1955, they are the namesake for the Disney media franchise that encompasses television, music, film, and other media associated with the characters.</p><p><a class=\"inlineBlock btn bgOrange strong colorWhite fontSize26 textShadowBlack insetLight animateFast round6\" href=\"/meet-the-muppets/\">Meet The Muppets</a></p>', NULL, NULL, 1, 1, 1, 0, 0, NULL, 0),
(96, 1, 10, 1, 0, 1, 1, 1, 'HomePage', '2018-12-04 16:25:19', '2018-12-02 17:19:44', 'Inherit', 'Inherit', 'home', 'Home', NULL, '<h1>Welcome to Muppetopia</h1><p>The Muppets are an ensemble cast of puppet characters known for their self-aware, burlesque, and meta-referential style of variety-sketch comedy. Created by Jim and Jane Henson in 1955, they are the namesake for the Disney media franchise that encompasses television, music, film, and other media associated with the characters.</p><p><a class=\"inlineBlock btn bgOrange strong colorWhite fontSize26 textShadowBlack insetLight animateFast round6\" href=\"/meet-the-muppets/\">Meet The Muppets</a></p>', NULL, NULL, 1, 1, 1, 0, 0, NULL, 0),
(97, 1, 11, 0, 0, 1, 1, 0, 'HomePage', '2018-12-04 16:27:16', '2018-12-02 17:19:44', 'Inherit', 'Inherit', 'home', 'Home', NULL, '<h1>Welcome to Muppetopia</h1><p>The Muppets are an ensemble cast of puppet characters known for their self-aware, burlesque, and meta-referential style of variety-sketch comedy. Created by Jim and Jane Henson in 1955, they are the namesake for the Disney media franchise that encompasses television, music, film, and other media associated with the characters.</p><p><a class=\"btn\" href=\"/meet-the-muppets/\">Meet The Muppets</a></p>', NULL, NULL, 1, 1, 1, 0, 0, NULL, 0),
(98, 1, 12, 1, 0, 1, 1, 1, 'HomePage', '2018-12-04 16:27:16', '2018-12-02 17:19:44', 'Inherit', 'Inherit', 'home', 'Home', NULL, '<h1>Welcome to Muppetopia</h1><p>The Muppets are an ensemble cast of puppet characters known for their self-aware, burlesque, and meta-referential style of variety-sketch comedy. Created by Jim and Jane Henson in 1955, they are the namesake for the Disney media franchise that encompasses television, music, film, and other media associated with the characters.</p><p><a class=\"btn\" href=\"/meet-the-muppets/\">Meet The Muppets</a></p>', NULL, NULL, 1, 1, 1, 0, 0, NULL, 0),
(99, 3, 3, 0, 0, 1, 1, 0, 'ContactPage', '2018-12-04 16:58:20', '2018-12-02 17:19:44', 'Inherit', 'Inherit', 'contact-us', 'Contact Us', NULL, '<p>You can fill this page out with your own content, or delete it and create your own pages.</p>', NULL, NULL, 1, 1, 4, 0, 0, NULL, 0),
(100, 3, 4, 1, 0, 1, 1, 1, 'ContactPage', '2018-12-04 16:58:20', '2018-12-02 17:19:44', 'Inherit', 'Inherit', 'contact-us', 'Contact Us', NULL, '<p>You can fill this page out with your own content, or delete it and create your own pages.</p>', NULL, NULL, 1, 1, 4, 0, 0, NULL, 0),
(101, 3, 5, 0, 0, 1, 1, 0, 'ContactPage', '2018-12-04 16:58:30', '2018-12-02 17:19:44', 'Inherit', 'Inherit', 'contact-us', 'Contact Us', NULL, NULL, NULL, NULL, 1, 1, 4, 0, 0, NULL, 0),
(102, 3, 6, 1, 0, 1, 1, 1, 'ContactPage', '2018-12-04 16:58:30', '2018-12-02 17:19:44', 'Inherit', 'Inherit', 'contact-us', 'Contact Us', NULL, NULL, NULL, NULL, 1, 1, 4, 0, 0, NULL, 0),
(103, 5, 3, 0, 0, 1, 1, 0, 'Page', '2018-12-04 17:16:38', '2018-12-02 17:19:44', 'Inherit', 'Inherit', 'server-error', 'Server error', NULL, '<p>Sorry, there was a problem with handling your request.</p>', NULL, NULL, 0, 0, 6, 0, 0, NULL, 0),
(104, 5, 4, 1, 0, 1, 1, 1, 'Page', '2018-12-04 17:16:38', '2018-12-02 17:19:44', 'Inherit', 'Inherit', 'server-error', 'Server error', NULL, '<p>Sorry, there was a problem with handling your request.</p>', NULL, NULL, 0, 0, 6, 0, 0, NULL, 0),
(105, 5, 5, 0, 0, 1, 1, 0, 'SilverStripe\\ErrorPage\\ErrorPage', '2018-12-04 17:16:51', '2018-12-02 17:19:44', 'Inherit', 'Inherit', 'server-error', 'Server error', NULL, '<p>Sorry, there was a problem with handling your request.</p>', NULL, NULL, 0, 0, 6, 0, 0, NULL, 0),
(109, 20, 1, 0, 0, 1, 1, 0, 'SilverStripe\\ErrorPage\\ErrorPage', '2018-12-04 17:17:56', '2018-12-04 17:17:56', 'Inherit', 'Inherit', 'server-error-2', 'Server error', NULL, '<p>Sorry, there was a problem with handling your request.</p>', NULL, NULL, 0, 0, 7, 0, 0, NULL, 0),
(110, 20, 2, 1, 0, 1, 1, 1, 'SilverStripe\\ErrorPage\\ErrorPage', '2018-12-04 17:17:56', '2018-12-04 17:17:56', 'Inherit', 'Inherit', 'server-error-2', 'Server error', NULL, '<p>Sorry, there was a problem with handling your request.</p>', NULL, NULL, 0, 0, 7, 0, 0, NULL, 0),
(112, 5, 6, 1, 1, 1, 1, 1, 'SilverStripe\\ErrorPage\\ErrorPage', '2018-12-04 17:18:29', '2018-12-02 17:19:44', 'Inherit', 'Inherit', NULL, NULL, NULL, NULL, NULL, NULL, 0, 0, 0, 0, 0, NULL, 0),
(113, 21, 1, 0, 0, 1, 1, 0, 'Page', '2018-12-04 17:48:50', '2018-12-04 17:48:50', 'Inherit', 'Inherit', 'new-page', 'New Page', NULL, NULL, NULL, NULL, 1, 1, 1, 0, 0, NULL, 3),
(114, 21, 2, 0, 0, 1, 1, 0, 'Page', '2018-12-04 17:49:10', '2018-12-04 17:48:50', 'Inherit', 'Inherit', 'thank-you', 'Thank You!', NULL, '<p>Thanks for your interesting muppet-related question!</p>', NULL, NULL, 1, 1, 1, 0, 0, NULL, 3),
(115, 21, 3, 1, 0, 1, 1, 1, 'Page', '2018-12-04 17:49:10', '2018-12-04 17:48:50', 'Inherit', 'Inherit', 'thank-you', 'Thank You!', NULL, '<p>Thanks for your interesting muppet-related question!</p>', NULL, NULL, 1, 1, 1, 0, 0, NULL, 3);

-- --------------------------------------------------------

--
-- Table structure for table `SiteTree_ViewerGroups`
--

CREATE TABLE `SiteTree_ViewerGroups` (
  `ID` int(11) NOT NULL,
  `SiteTreeID` int(11) NOT NULL DEFAULT 0,
  `GroupID` int(11) NOT NULL DEFAULT 0
) ENGINE=InnoDB DEFAULT CHARSET=utf8;

-- --------------------------------------------------------

--
-- Table structure for table `VirtualPage`
--

CREATE TABLE `VirtualPage` (
  `ID` int(11) NOT NULL,
  `VersionID` int(11) NOT NULL DEFAULT 0,
  `CopyContentFromID` int(11) NOT NULL DEFAULT 0
) ENGINE=InnoDB DEFAULT CHARSET=utf8;

-- --------------------------------------------------------

--
-- Table structure for table `VirtualPage_Live`
--

CREATE TABLE `VirtualPage_Live` (
  `ID` int(11) NOT NULL,
  `VersionID` int(11) NOT NULL DEFAULT 0,
  `CopyContentFromID` int(11) NOT NULL DEFAULT 0
) ENGINE=InnoDB DEFAULT CHARSET=utf8;

-- --------------------------------------------------------

--
-- Table structure for table `VirtualPage_Versions`
--

CREATE TABLE `VirtualPage_Versions` (
  `ID` int(11) NOT NULL,
  `RecordID` int(11) NOT NULL DEFAULT 0,
  `Version` int(11) NOT NULL DEFAULT 0,
  `VersionID` int(11) NOT NULL DEFAULT 0,
  `CopyContentFromID` int(11) NOT NULL DEFAULT 0
) ENGINE=InnoDB DEFAULT CHARSET=utf8;

--
-- Indexes for dumped tables
--

--
-- Indexes for table `ChangeSet`
--
ALTER TABLE `ChangeSet`
  ADD PRIMARY KEY (`ID`),
  ADD KEY `State` (`State`),
  ADD KEY `ID` (`ID`),
  ADD KEY `ClassName` (`ClassName`),
  ADD KEY `OwnerID` (`OwnerID`),
  ADD KEY `PublisherID` (`PublisherID`);

--
-- Indexes for table `ChangeSetItem`
--
ALTER TABLE `ChangeSetItem`
  ADD PRIMARY KEY (`ID`),
  ADD UNIQUE KEY `ObjectUniquePerChangeSet` (`ObjectID`,`ObjectClass`,`ChangeSetID`),
  ADD KEY `ClassName` (`ClassName`),
  ADD KEY `ChangeSetID` (`ChangeSetID`),
  ADD KEY `Object` (`ObjectID`,`ObjectClass`);

--
-- Indexes for table `ChangeSetItem_ReferencedBy`
--
ALTER TABLE `ChangeSetItem_ReferencedBy`
  ADD PRIMARY KEY (`ID`),
  ADD KEY `ChangeSetItemID` (`ChangeSetItemID`),
  ADD KEY `ChildID` (`ChildID`);

--
-- Indexes for table `ErrorPage`
--
ALTER TABLE `ErrorPage`
  ADD PRIMARY KEY (`ID`);

--
-- Indexes for table `ErrorPage_Live`
--
ALTER TABLE `ErrorPage_Live`
  ADD PRIMARY KEY (`ID`);

--
-- Indexes for table `ErrorPage_Versions`
--
ALTER TABLE `ErrorPage_Versions`
  ADD PRIMARY KEY (`ID`),
  ADD UNIQUE KEY `RecordID_Version` (`RecordID`,`Version`),
  ADD KEY `RecordID` (`RecordID`),
  ADD KEY `Version` (`Version`);

--
-- Indexes for table `File`
--
ALTER TABLE `File`
  ADD PRIMARY KEY (`ID`),
  ADD KEY `Name` (`Name`),
  ADD KEY `ClassName` (`ClassName`),
  ADD KEY `ParentID` (`ParentID`),
  ADD KEY `OwnerID` (`OwnerID`);

--
-- Indexes for table `FileLink`
--
ALTER TABLE `FileLink`
  ADD PRIMARY KEY (`ID`),
  ADD KEY `ClassName` (`ClassName`),
  ADD KEY `LinkedID` (`LinkedID`),
  ADD KEY `Parent` (`ParentID`,`ParentClass`);

--
-- Indexes for table `File_EditorGroups`
--
ALTER TABLE `File_EditorGroups`
  ADD PRIMARY KEY (`ID`),
  ADD KEY `FileID` (`FileID`),
  ADD KEY `GroupID` (`GroupID`);

--
-- Indexes for table `File_Live`
--
ALTER TABLE `File_Live`
  ADD PRIMARY KEY (`ID`),
  ADD KEY `Name` (`Name`),
  ADD KEY `ClassName` (`ClassName`),
  ADD KEY `ParentID` (`ParentID`),
  ADD KEY `OwnerID` (`OwnerID`);

--
-- Indexes for table `File_Versions`
--
ALTER TABLE `File_Versions`
  ADD PRIMARY KEY (`ID`),
  ADD KEY `RecordID_Version` (`RecordID`,`Version`),
  ADD KEY `RecordID` (`RecordID`),
  ADD KEY `Version` (`Version`),
  ADD KEY `AuthorID` (`AuthorID`),
  ADD KEY `PublisherID` (`PublisherID`),
  ADD KEY `Name` (`Name`),
  ADD KEY `ClassName` (`ClassName`),
  ADD KEY `ParentID` (`ParentID`),
  ADD KEY `OwnerID` (`OwnerID`);

--
-- Indexes for table `File_ViewerGroups`
--
ALTER TABLE `File_ViewerGroups`
  ADD PRIMARY KEY (`ID`),
  ADD KEY `FileID` (`FileID`),
  ADD KEY `GroupID` (`GroupID`);

--
-- Indexes for table `Group`
--
ALTER TABLE `Group`
  ADD PRIMARY KEY (`ID`),
  ADD KEY `ClassName` (`ClassName`),
  ADD KEY `ParentID` (`ParentID`);

--
-- Indexes for table `Group_Members`
--
ALTER TABLE `Group_Members`
  ADD PRIMARY KEY (`ID`),
  ADD KEY `GroupID` (`GroupID`),
  ADD KEY `MemberID` (`MemberID`);

--
-- Indexes for table `Group_Roles`
--
ALTER TABLE `Group_Roles`
  ADD PRIMARY KEY (`ID`),
  ADD KEY `GroupID` (`GroupID`),
  ADD KEY `PermissionRoleID` (`PermissionRoleID`);

--
-- Indexes for table `LoginAttempt`
--
ALTER TABLE `LoginAttempt`
  ADD PRIMARY KEY (`ID`),
  ADD KEY `ClassName` (`ClassName`),
  ADD KEY `MemberID` (`MemberID`),
  ADD KEY `EmailHashed` (`EmailHashed`);

--
-- Indexes for table `Member`
--
ALTER TABLE `Member`
  ADD PRIMARY KEY (`ID`),
  ADD KEY `Surname` (`Surname`),
  ADD KEY `FirstName` (`FirstName`),
  ADD KEY `ClassName` (`ClassName`),
  ADD KEY `Email` (`Email`);

--
-- Indexes for table `MemberPassword`
--
ALTER TABLE `MemberPassword`
  ADD PRIMARY KEY (`ID`),
  ADD KEY `ClassName` (`ClassName`),
  ADD KEY `MemberID` (`MemberID`);

--
-- Indexes for table `Muppet`
--
ALTER TABLE `Muppet`
  ADD PRIMARY KEY (`ID`),
  ADD KEY `PhotoID` (`PhotoID`);

--
-- Indexes for table `Muppet_Live`
--
ALTER TABLE `Muppet_Live`
  ADD PRIMARY KEY (`ID`),
  ADD KEY `PhotoID` (`PhotoID`);

--
-- Indexes for table `Muppet_Versions`
--
ALTER TABLE `Muppet_Versions`
  ADD PRIMARY KEY (`ID`),
  ADD UNIQUE KEY `RecordID_Version` (`RecordID`,`Version`),
  ADD KEY `RecordID` (`RecordID`),
  ADD KEY `Version` (`Version`),
  ADD KEY `PhotoID` (`PhotoID`);

--
-- Indexes for table `Permission`
--
ALTER TABLE `Permission`
  ADD PRIMARY KEY (`ID`),
  ADD KEY `ClassName` (`ClassName`),
  ADD KEY `GroupID` (`GroupID`),
  ADD KEY `Code` (`Code`);

--
-- Indexes for table `PermissionRole`
--
ALTER TABLE `PermissionRole`
  ADD PRIMARY KEY (`ID`),
  ADD KEY `Title` (`Title`),
  ADD KEY `ClassName` (`ClassName`);

--
-- Indexes for table `PermissionRoleCode`
--
ALTER TABLE `PermissionRoleCode`
  ADD PRIMARY KEY (`ID`),
  ADD KEY `ClassName` (`ClassName`),
  ADD KEY `RoleID` (`RoleID`);

--
-- Indexes for table `RedirectorPage`
--
ALTER TABLE `RedirectorPage`
  ADD PRIMARY KEY (`ID`),
  ADD KEY `LinkToID` (`LinkToID`);

--
-- Indexes for table `RedirectorPage_Live`
--
ALTER TABLE `RedirectorPage_Live`
  ADD PRIMARY KEY (`ID`),
  ADD KEY `LinkToID` (`LinkToID`);

--
-- Indexes for table `RedirectorPage_Versions`
--
ALTER TABLE `RedirectorPage_Versions`
  ADD PRIMARY KEY (`ID`),
  ADD UNIQUE KEY `RecordID_Version` (`RecordID`,`Version`),
  ADD KEY `RecordID` (`RecordID`),
  ADD KEY `Version` (`Version`),
  ADD KEY `LinkToID` (`LinkToID`);

--
-- Indexes for table `RememberLoginHash`
--
ALTER TABLE `RememberLoginHash`
  ADD PRIMARY KEY (`ID`),
  ADD KEY `ClassName` (`ClassName`),
  ADD KEY `MemberID` (`MemberID`),
  ADD KEY `DeviceID` (`DeviceID`),
  ADD KEY `Hash` (`Hash`);

--
-- Indexes for table `SilverStripe_Muppetopia_MuppetPage`
--
ALTER TABLE `SilverStripe_Muppetopia_MuppetPage`
  ADD PRIMARY KEY (`ID`),
  ADD KEY `PhotoID` (`PhotoID`);

--
-- Indexes for table `SilverStripe_Muppetopia_MuppetPage_Live`
--
ALTER TABLE `SilverStripe_Muppetopia_MuppetPage_Live`
  ADD PRIMARY KEY (`ID`),
  ADD KEY `PhotoID` (`PhotoID`);

--
-- Indexes for table `SilverStripe_Muppetopia_MuppetPage_Versions`
--
ALTER TABLE `SilverStripe_Muppetopia_MuppetPage_Versions`
  ADD PRIMARY KEY (`ID`),
  ADD UNIQUE KEY `RecordID_Version` (`RecordID`,`Version`),
  ADD KEY `RecordID` (`RecordID`),
  ADD KEY `Version` (`Version`),
  ADD KEY `PhotoID` (`PhotoID`);

--
-- Indexes for table `SiteConfig`
--
ALTER TABLE `SiteConfig`
  ADD PRIMARY KEY (`ID`),
  ADD KEY `ClassName` (`ClassName`);

--
-- Indexes for table `SiteConfig_CreateTopLevelGroups`
--
ALTER TABLE `SiteConfig_CreateTopLevelGroups`
  ADD PRIMARY KEY (`ID`),
  ADD KEY `SiteConfigID` (`SiteConfigID`),
  ADD KEY `GroupID` (`GroupID`);

--
-- Indexes for table `SiteConfig_EditorGroups`
--
ALTER TABLE `SiteConfig_EditorGroups`
  ADD PRIMARY KEY (`ID`),
  ADD KEY `SiteConfigID` (`SiteConfigID`),
  ADD KEY `GroupID` (`GroupID`);

--
-- Indexes for table `SiteConfig_ViewerGroups`
--
ALTER TABLE `SiteConfig_ViewerGroups`
  ADD PRIMARY KEY (`ID`),
  ADD KEY `SiteConfigID` (`SiteConfigID`),
  ADD KEY `GroupID` (`GroupID`);

--
-- Indexes for table `SiteTree`
--
ALTER TABLE `SiteTree`
  ADD PRIMARY KEY (`ID`),
  ADD KEY `Sort` (`Sort`),
  ADD KEY `ClassName` (`ClassName`),
  ADD KEY `ParentID` (`ParentID`),
  ADD KEY `URLSegment` (`URLSegment`);

--
-- Indexes for table `SiteTreeLink`
--
ALTER TABLE `SiteTreeLink`
  ADD PRIMARY KEY (`ID`),
  ADD KEY `ClassName` (`ClassName`),
  ADD KEY `LinkedID` (`LinkedID`),
  ADD KEY `Parent` (`ParentID`,`ParentClass`);

--
-- Indexes for table `SiteTree_EditorGroups`
--
ALTER TABLE `SiteTree_EditorGroups`
  ADD PRIMARY KEY (`ID`),
  ADD KEY `SiteTreeID` (`SiteTreeID`),
  ADD KEY `GroupID` (`GroupID`);

--
-- Indexes for table `SiteTree_Live`
--
ALTER TABLE `SiteTree_Live`
  ADD PRIMARY KEY (`ID`),
  ADD KEY `Sort` (`Sort`),
  ADD KEY `ClassName` (`ClassName`),
  ADD KEY `ParentID` (`ParentID`),
  ADD KEY `URLSegment` (`URLSegment`);

--
-- Indexes for table `SiteTree_Versions`
--
ALTER TABLE `SiteTree_Versions`
  ADD PRIMARY KEY (`ID`),
  ADD KEY `RecordID_Version` (`RecordID`,`Version`),
  ADD KEY `RecordID` (`RecordID`),
  ADD KEY `Version` (`Version`),
  ADD KEY `AuthorID` (`AuthorID`),
  ADD KEY `PublisherID` (`PublisherID`),
  ADD KEY `Sort` (`Sort`),
  ADD KEY `ClassName` (`ClassName`),
  ADD KEY `ParentID` (`ParentID`),
  ADD KEY `URLSegment` (`URLSegment`);

--
-- Indexes for table `SiteTree_ViewerGroups`
--
ALTER TABLE `SiteTree_ViewerGroups`
  ADD PRIMARY KEY (`ID`),
  ADD KEY `SiteTreeID` (`SiteTreeID`),
  ADD KEY `GroupID` (`GroupID`);

--
-- Indexes for table `VirtualPage`
--
ALTER TABLE `VirtualPage`
  ADD PRIMARY KEY (`ID`),
  ADD KEY `CopyContentFromID` (`CopyContentFromID`);

--
-- Indexes for table `VirtualPage_Live`
--
ALTER TABLE `VirtualPage_Live`
  ADD PRIMARY KEY (`ID`),
  ADD KEY `CopyContentFromID` (`CopyContentFromID`);

--
-- Indexes for table `VirtualPage_Versions`
--
ALTER TABLE `VirtualPage_Versions`
  ADD PRIMARY KEY (`ID`),
  ADD UNIQUE KEY `RecordID_Version` (`RecordID`,`Version`),
  ADD KEY `RecordID` (`RecordID`),
  ADD KEY `Version` (`Version`),
  ADD KEY `CopyContentFromID` (`CopyContentFromID`);

--
-- AUTO_INCREMENT for dumped tables
--

--
-- AUTO_INCREMENT for table `ChangeSet`
--
ALTER TABLE `ChangeSet`
  MODIFY `ID` int(11) NOT NULL AUTO_INCREMENT, AUTO_INCREMENT=50;

--
-- AUTO_INCREMENT for table `ChangeSetItem`
--
ALTER TABLE `ChangeSetItem`
  MODIFY `ID` int(11) NOT NULL AUTO_INCREMENT, AUTO_INCREMENT=72;

--
-- AUTO_INCREMENT for table `ChangeSetItem_ReferencedBy`
--
ALTER TABLE `ChangeSetItem_ReferencedBy`
  MODIFY `ID` int(11) NOT NULL AUTO_INCREMENT, AUTO_INCREMENT=23;

--
-- AUTO_INCREMENT for table `ErrorPage`
--
ALTER TABLE `ErrorPage`
  MODIFY `ID` int(11) NOT NULL AUTO_INCREMENT, AUTO_INCREMENT=21;

--
-- AUTO_INCREMENT for table `ErrorPage_Live`
--
ALTER TABLE `ErrorPage_Live`
  MODIFY `ID` int(11) NOT NULL AUTO_INCREMENT, AUTO_INCREMENT=21;

--
-- AUTO_INCREMENT for table `ErrorPage_Versions`
--
ALTER TABLE `ErrorPage_Versions`
  MODIFY `ID` int(11) NOT NULL AUTO_INCREMENT, AUTO_INCREMENT=12;

--
-- AUTO_INCREMENT for table `File`
--
ALTER TABLE `File`
  MODIFY `ID` int(11) NOT NULL AUTO_INCREMENT, AUTO_INCREMENT=17;

--
-- AUTO_INCREMENT for table `FileLink`
--
ALTER TABLE `FileLink`
  MODIFY `ID` int(11) NOT NULL AUTO_INCREMENT;

--
-- AUTO_INCREMENT for table `File_EditorGroups`
--
ALTER TABLE `File_EditorGroups`
  MODIFY `ID` int(11) NOT NULL AUTO_INCREMENT;

--
-- AUTO_INCREMENT for table `File_Live`
--
ALTER TABLE `File_Live`
  MODIFY `ID` int(11) NOT NULL AUTO_INCREMENT, AUTO_INCREMENT=17;

--
-- AUTO_INCREMENT for table `File_Versions`
--
ALTER TABLE `File_Versions`
  MODIFY `ID` int(11) NOT NULL AUTO_INCREMENT, AUTO_INCREMENT=33;

--
-- AUTO_INCREMENT for table `File_ViewerGroups`
--
ALTER TABLE `File_ViewerGroups`
  MODIFY `ID` int(11) NOT NULL AUTO_INCREMENT;

--
-- AUTO_INCREMENT for table `Group`
--
ALTER TABLE `Group`
  MODIFY `ID` int(11) NOT NULL AUTO_INCREMENT, AUTO_INCREMENT=3;

--
-- AUTO_INCREMENT for table `Group_Members`
--
ALTER TABLE `Group_Members`
  MODIFY `ID` int(11) NOT NULL AUTO_INCREMENT, AUTO_INCREMENT=2;

--
-- AUTO_INCREMENT for table `Group_Roles`
--
ALTER TABLE `Group_Roles`
  MODIFY `ID` int(11) NOT NULL AUTO_INCREMENT;

--
-- AUTO_INCREMENT for table `LoginAttempt`
--
ALTER TABLE `LoginAttempt`
  MODIFY `ID` int(11) NOT NULL AUTO_INCREMENT, AUTO_INCREMENT=2;

--
-- AUTO_INCREMENT for table `Member`
--
ALTER TABLE `Member`
  MODIFY `ID` int(11) NOT NULL AUTO_INCREMENT, AUTO_INCREMENT=2;

--
-- AUTO_INCREMENT for table `MemberPassword`
--
ALTER TABLE `MemberPassword`
  MODIFY `ID` int(11) NOT NULL AUTO_INCREMENT, AUTO_INCREMENT=3;

--
-- AUTO_INCREMENT for table `Muppet`
--
ALTER TABLE `Muppet`
  MODIFY `ID` int(11) NOT NULL AUTO_INCREMENT, AUTO_INCREMENT=20;

--
-- AUTO_INCREMENT for table `Muppet_Live`
--
ALTER TABLE `Muppet_Live`
  MODIFY `ID` int(11) NOT NULL AUTO_INCREMENT, AUTO_INCREMENT=20;

--
-- AUTO_INCREMENT for table `Muppet_Versions`
--
ALTER TABLE `Muppet_Versions`
  MODIFY `ID` int(11) NOT NULL AUTO_INCREMENT, AUTO_INCREMENT=64;

--
-- AUTO_INCREMENT for table `Permission`
--
ALTER TABLE `Permission`
  MODIFY `ID` int(11) NOT NULL AUTO_INCREMENT, AUTO_INCREMENT=6;

--
-- AUTO_INCREMENT for table `PermissionRole`
--
ALTER TABLE `PermissionRole`
  MODIFY `ID` int(11) NOT NULL AUTO_INCREMENT;

--
-- AUTO_INCREMENT for table `PermissionRoleCode`
--
ALTER TABLE `PermissionRoleCode`
  MODIFY `ID` int(11) NOT NULL AUTO_INCREMENT;

--
-- AUTO_INCREMENT for table `RedirectorPage`
--
ALTER TABLE `RedirectorPage`
  MODIFY `ID` int(11) NOT NULL AUTO_INCREMENT;

--
-- AUTO_INCREMENT for table `RedirectorPage_Live`
--
ALTER TABLE `RedirectorPage_Live`
  MODIFY `ID` int(11) NOT NULL AUTO_INCREMENT;

--
-- AUTO_INCREMENT for table `RedirectorPage_Versions`
--
ALTER TABLE `RedirectorPage_Versions`
  MODIFY `ID` int(11) NOT NULL AUTO_INCREMENT;

--
-- AUTO_INCREMENT for table `RememberLoginHash`
--
ALTER TABLE `RememberLoginHash`
  MODIFY `ID` int(11) NOT NULL AUTO_INCREMENT;

--
-- AUTO_INCREMENT for table `SilverStripe_Muppetopia_MuppetPage`
--
ALTER TABLE `SilverStripe_Muppetopia_MuppetPage`
  MODIFY `ID` int(11) NOT NULL AUTO_INCREMENT;

--
-- AUTO_INCREMENT for table `SilverStripe_Muppetopia_MuppetPage_Live`
--
ALTER TABLE `SilverStripe_Muppetopia_MuppetPage_Live`
  MODIFY `ID` int(11) NOT NULL AUTO_INCREMENT;

--
-- AUTO_INCREMENT for table `SilverStripe_Muppetopia_MuppetPage_Versions`
--
ALTER TABLE `SilverStripe_Muppetopia_MuppetPage_Versions`
  MODIFY `ID` int(11) NOT NULL AUTO_INCREMENT;

--
-- AUTO_INCREMENT for table `SiteConfig`
--
ALTER TABLE `SiteConfig`
  MODIFY `ID` int(11) NOT NULL AUTO_INCREMENT, AUTO_INCREMENT=2;

--
-- AUTO_INCREMENT for table `SiteConfig_CreateTopLevelGroups`
--
ALTER TABLE `SiteConfig_CreateTopLevelGroups`
  MODIFY `ID` int(11) NOT NULL AUTO_INCREMENT;

--
-- AUTO_INCREMENT for table `SiteConfig_EditorGroups`
--
ALTER TABLE `SiteConfig_EditorGroups`
  MODIFY `ID` int(11) NOT NULL AUTO_INCREMENT;

--
-- AUTO_INCREMENT for table `SiteConfig_ViewerGroups`
--
ALTER TABLE `SiteConfig_ViewerGroups`
  MODIFY `ID` int(11) NOT NULL AUTO_INCREMENT;

--
-- AUTO_INCREMENT for table `SiteTree`
--
ALTER TABLE `SiteTree`
  MODIFY `ID` int(11) NOT NULL AUTO_INCREMENT, AUTO_INCREMENT=22;

--
-- AUTO_INCREMENT for table `SiteTreeLink`
--
ALTER TABLE `SiteTreeLink`
  MODIFY `ID` int(11) NOT NULL AUTO_INCREMENT;

--
-- AUTO_INCREMENT for table `SiteTree_EditorGroups`
--
ALTER TABLE `SiteTree_EditorGroups`
  MODIFY `ID` int(11) NOT NULL AUTO_INCREMENT;

--
-- AUTO_INCREMENT for table `SiteTree_Live`
--
ALTER TABLE `SiteTree_Live`
  MODIFY `ID` int(11) NOT NULL AUTO_INCREMENT, AUTO_INCREMENT=22;

--
-- AUTO_INCREMENT for table `SiteTree_Versions`
--
ALTER TABLE `SiteTree_Versions`
  MODIFY `ID` int(11) NOT NULL AUTO_INCREMENT, AUTO_INCREMENT=116;

--
-- AUTO_INCREMENT for table `SiteTree_ViewerGroups`
--
ALTER TABLE `SiteTree_ViewerGroups`
  MODIFY `ID` int(11) NOT NULL AUTO_INCREMENT;

--
-- AUTO_INCREMENT for table `VirtualPage`
--
ALTER TABLE `VirtualPage`
  MODIFY `ID` int(11) NOT NULL AUTO_INCREMENT;

--
-- AUTO_INCREMENT for table `VirtualPage_Live`
--
ALTER TABLE `VirtualPage_Live`
  MODIFY `ID` int(11) NOT NULL AUTO_INCREMENT;

--
-- AUTO_INCREMENT for table `VirtualPage_Versions`
--
ALTER TABLE `VirtualPage_Versions`
  MODIFY `ID` int(11) NOT NULL AUTO_INCREMENT;
COMMIT;

/*!40101 SET CHARACTER_SET_CLIENT=@OLD_CHARACTER_SET_CLIENT */;
/*!40101 SET CHARACTER_SET_RESULTS=@OLD_CHARACTER_SET_RESULTS */;
/*!40101 SET COLLATION_CONNECTION=@OLD_COLLATION_CONNECTION */;
